{
  "n": 10392,
  "correct": 7565,
  "invalid": 0,
  "invalid_rate": 0.0,
  "acc_all": 0.727963818321786,
  "acc_valid_only": 0.727963818321786
}