query_type,n,invalid,invalid_rate,acc_all,acc_valid_only
backadj,1600,0,0.0,0.795,0.795
marginal,1600,0,0.0,0.616875,0.616875
ate,1440,0,0.0,0.8618055555555556,0.8618055555555556
correlation,1440,0,0.0,0.73125,0.73125
det-counterfactual,1440,0,0.0,0.5569444444444445,0.5569444444444445
ett,1280,0,0.0,0.34609375,0.34609375
nie,800,0,0.0,0.6525,0.6525
nde,320,0,0.0,0.675,0.675
collider_bias,160,0,0.0,0.6,0.6
exp_away,160,0,0.0,0.9625,0.9625
