{
  "n": 10560,
  "correct": 5187,
  "invalid": 14,
  "invalid_rate": 0.0013257575757575758,
  "acc_all": 0.49119318181818183,
  "acc_valid_only": 0.4918452493836526
}