{
  "n": 10556,
  "correct": 7779,
  "invalid": 0,
  "invalid_rate": 0.0,
  "acc_all": 0.736926866237211,
  "acc_valid_only": 0.736926866237211
}