{
  "n": 10556,
  "correct": 8105,
  "invalid": 0,
  "invalid_rate": 0.0,
  "acc_all": 0.7678097764304661,
  "acc_valid_only": 0.7678097764304661
}