{
  "n": 10556,
  "correct": 5522,
  "invalid": 0,
  "invalid_rate": 0.0,
  "acc_all": 0.5231148162182645,
  "acc_valid_only": 0.5231148162182645
}