{
  "n": 10556,
  "correct": 5382,
  "invalid": 0,
  "invalid_rate": 0.0,
  "acc_all": 0.5098522167487685,
  "acc_valid_only": 0.5098522167487685
}