query_type,n,invalid,invalid_rate,acc_all,acc_valid_only
marginal,1702,0,0.0,0.46474735605170386,0.46474735605170386
correlation,1518,0,0.0,0.6679841897233202,0.6679841897233202
ate,1518,0,0.0,0.769433465085639,0.769433465085639
ett,1288,0,0.0,0.6203416149068323,0.6203416149068323
nie,874,0,0.0,0.7505720823798627,0.7505720823798627
nde,552,0,0.0,0.5905797101449275,0.5905797101449275
exp_away,184,0,0.0,0.8206521739130435,0.8206521739130435
