{
  "n": 7636,
  "correct": 4905,
  "invalid": 0,
  "invalid_rate": 0.0,
  "acc_all": 0.642352016762703,
  "acc_valid_only": 0.642352016762703
}