{
  "n": 10392,
  "correct": 5409,
  "invalid": 0,
  "invalid_rate": 0.0,
  "acc_all": 0.5204965357967667,
  "acc_valid_only": 0.5204965357967667
}