{
  "n": 10392,
  "correct": 5519,
  "invalid": 0,
  "invalid_rate": 0.0,
  "acc_all": 0.5310816012317167,
  "acc_valid_only": 0.5310816012317167
}