{
  "n": 10556,
  "correct": 8350,
  "invalid": 60,
  "invalid_rate": 0.005683971201212581,
  "acc_all": 0.7910193255020841,
  "acc_valid_only": 0.7955411585365854
}