{
  "n": 10392,
  "correct": 5189,
  "invalid": 0,
  "invalid_rate": 0.0,
  "acc_all": 0.4993264049268668,
  "acc_valid_only": 0.4993264049268668
}