query_type,n,invalid,invalid_rate,acc_all,acc_valid_only
backadj,1600,0,0.0,0.5,0.5
marginal,1600,0,0.0,0.505,0.505
ate,1440,0,0.0,0.6118055555555556,0.6118055555555556
correlation,1440,0,0.0,0.5625,0.5625
det-counterfactual,1440,0,0.0,0.5097222222222222,0.5097222222222222
ett,1280,0,0.0,0.48671875,0.48671875
nie,800,0,0.0,0.52875,0.52875
nde,320,0,0.0,0.553125,0.553125
collider_bias,160,0,0.0,0.5,0.5
exp_away,160,0,0.0,0.575,0.575
