{
  "n": 10240,
  "correct": 5428,
  "invalid": 0,
  "invalid_rate": 0.0,
  "acc_all": 0.530078125,
  "acc_valid_only": 0.530078125
}