query_type,n,invalid,invalid_rate,acc_all,acc_valid_only
backadj,1600,0,0.0,0.6,0.6
marginal,1600,0,0.0,0.7025,0.7025
ate,1440,0,0.0,0.7777777777777778,0.7777777777777778
correlation,1440,0,0.0,0.6152777777777778,0.6152777777777778
det-counterfactual,1440,0,0.0,0.5756944444444444,0.5756944444444444
ett,1280,0,0.0,0.67109375,0.67109375
nie,800,0,0.0,0.59125,0.59125
nde,320,0,0.0,0.7375,0.7375
collider_bias,160,0,0.0,0.94375,0.94375
exp_away,160,0,0.0,0.76875,0.76875
