{
  "n": 10240,
  "correct": 6761,
  "invalid": 0,
  "invalid_rate": 0.0,
  "acc_all": 0.66025390625,
  "acc_valid_only": 0.66025390625
}