{
  "n": 10556,
  "correct": 9130,
  "invalid": 0,
  "invalid_rate": 0.0,
  "acc_all": 0.8649109511178477,
  "acc_valid_only": 0.8649109511178477
}