query_type,n,invalid,invalid_rate,acc_all,acc_valid_only
backadj,1600,0,0.0,0.7825,0.7825
marginal,1600,0,0.0,0.524375,0.524375
ate,1440,0,0.0,0.8381944444444445,0.8381944444444445
correlation,1440,0,0.0,0.6965277777777777,0.6965277777777777
det-counterfactual,1440,0,0.0,0.5826388888888889,0.5826388888888889
ett,1280,0,0.0,0.30078125,0.30078125
nie,800,0,0.0,0.645,0.645
nde,320,0,0.0,0.621875,0.621875
collider_bias,160,0,0.0,0.56875,0.56875
exp_away,160,0,0.0,0.96875,0.96875
