{
  "n": 10392,
  "correct": 5952,
  "invalid": 0,
  "invalid_rate": 0.0,
  "acc_all": 0.5727482678983834,
  "acc_valid_only": 0.5727482678983834
}