{
  "n": 10392,
  "correct": 5167,
  "invalid": 0,
  "invalid_rate": 0.0,
  "acc_all": 0.49720939183987684,
  "acc_valid_only": 0.49720939183987684
}