{
  "n": 10392,
  "correct": 5398,
  "invalid": 0,
  "invalid_rate": 0.0,
  "acc_all": 0.5194380292532718,
  "acc_valid_only": 0.5194380292532718
}