{
  "n": 10556,
  "correct": 8308,
  "invalid": 143,
  "invalid_rate": 0.013546798029556651,
  "acc_all": 0.7870405456612353,
  "acc_valid_only": 0.797848842792663
}