{
  "n": 496,
  "correct": 258,
  "invalid": 0,
  "invalid_rate": 0.0,
  "acc_all": 0.5201612903225806,
  "acc_valid_only": 0.5201612903225806
}