{
  "n": 10560,
  "correct": 6805,
  "invalid": 0,
  "invalid_rate": 0.0,
  "acc_all": 0.6444128787878788,
  "acc_valid_only": 0.6444128787878788
}