{
  "n": 10556,
  "correct": 8151,
  "invalid": 0,
  "invalid_rate": 0.0,
  "acc_all": 0.7721674876847291,
  "acc_valid_only": 0.7721674876847291
}