{
  "n": 10392,
  "correct": 6442,
  "invalid": 47,
  "invalid_rate": 0.004522709776751347,
  "acc_all": 0.6198999230177059,
  "acc_valid_only": 0.6227162880618656
}