{
  "n": 10392,
  "correct": 6350,
  "invalid": 25,
  "invalid_rate": 0.002405696689761355,
  "acc_all": 0.6110469591993841,
  "acc_valid_only": 0.6125204977331918
}