query_type,n,invalid,invalid_rate,acc_all,acc_valid_only
marginal,1600,0,0.0,0.5075,0.5075
correlation,1440,0,0.0,0.5902777777777778,0.5902777777777778
ate,1440,0,0.0,0.8875,0.8875
ett,1280,0,0.0,0.85625,0.85625
nie,800,0,0.0,0.78,0.78
nde,320,0,0.0,0.759375,0.759375
exp_away,160,0,0.0,0.9875,0.9875
