{
  "n": 7040,
  "correct": 5061,
  "invalid": 0,
  "invalid_rate": 0.0,
  "acc_all": 0.7188920454545454,
  "acc_valid_only": 0.7188920454545454
}