query_type,n,invalid,invalid_rate,acc_all,acc_valid_only
backadj,1702,0,0.0,0.5,0.5
marginal,1702,0,0.0,0.5252643948296122,0.5252643948296122
ate,1518,0,0.0,0.650197628458498,0.650197628458498
correlation,1518,0,0.0,0.5019762845849802,0.5019762845849802
ett,1288,0,0.0,0.45652173913043476,0.45652173913043476
nie,874,0,0.0,0.5148741418764302,0.5148741418764302
nde,552,0,0.0,0.5398550724637681,0.5398550724637681
collider_bias,184,0,0.0,0.5,0.5
exp_away,184,0,0.0,0.32065217391304346,0.32065217391304346
