{
  "n": 9522,
  "correct": 4981,
  "invalid": 0,
  "invalid_rate": 0.0,
  "acc_all": 0.5231043898340685,
  "acc_valid_only": 0.5231043898340685
}