{
  "n": 10556,
  "correct": 9151,
  "invalid": 0,
  "invalid_rate": 0.0,
  "acc_all": 0.8669003410382721,
  "acc_valid_only": 0.8669003410382721
}