query_type,n,invalid,invalid_rate,acc_all,acc_valid_only
marginal,1702,0,0.0,0.5235017626321974,0.5235017626321974
correlation,1518,0,0.0,0.5961791831357048,0.5961791831357048
ate,1518,0,0.0,0.9051383399209486,0.9051383399209486
ett,1288,0,0.0,0.7562111801242236,0.7562111801242236
nie,874,0,0.0,0.7185354691075515,0.7185354691075515
nde,552,0,0.0,0.802536231884058,0.802536231884058
exp_away,184,0,0.0,0.9728260869565217,0.9728260869565217
