{
  "n": 7636,
  "correct": 5394,
  "invalid": 0,
  "invalid_rate": 0.0,
  "acc_all": 0.7063907805133578,
  "acc_valid_only": 0.7063907805133578
}