{
  "n": 10392,
  "correct": 8115,
  "invalid": 68,
  "invalid_rate": 0.006543494996150885,
  "acc_all": 0.7808891454965358,
  "acc_valid_only": 0.7860325455249904
}