{
  "n": 10556,
  "correct": 7717,
  "invalid": 0,
  "invalid_rate": 0.0,
  "acc_all": 0.7310534293292914,
  "acc_valid_only": 0.7310534293292914
}