query_type,n,invalid,invalid_rate,acc_all,acc_valid_only
backadj,1600,0,0.0,0.5,0.5
marginal,1600,0,0.0,0.79625,0.79625
ate,1440,0,0.0,0.8284722222222223,0.8284722222222223
correlation,1440,0,0.0,0.5638888888888889,0.5638888888888889
det-counterfactual,1440,0,0.0,0.7458333333333333,0.7458333333333333
ett,1280,0,0.0,0.75390625,0.75390625
nie,800,0,0.0,0.6025,0.6025
nde,320,0,0.0,0.721875,0.721875
collider_bias,160,0,0.0,0.8375,0.8375
exp_away,160,0,0.0,0.86875,0.86875
