{
  "n": 496,
  "correct": 271,
  "invalid": 0,
  "invalid_rate": 0.0,
  "acc_all": 0.5463709677419355,
  "acc_valid_only": 0.5463709677419355
}