{
  "n": 10392,
  "correct": 7369,
  "invalid": 14,
  "invalid_rate": 0.0013471901462663587,
  "acc_all": 0.709103156274057,
  "acc_valid_only": 0.7100597417614184
}