query_type,n,invalid,invalid_rate,acc_all,acc_valid_only
backadj,1476,0,0.0,0.06097560975609756,0.06097560975609756
det-counterfactual,1476,0,0.0,0.14092140921409213,0.14092140921409213
marginal,1476,0,0.0,0.8272357723577236,0.8272357723577236
ate,1475,0,0.0,0.8671186440677966,0.8671186440677966
correlation,1475,0,0.0,0.5979661016949153,0.5979661016949153
ett,1295,0,0.0,0.8571428571428571,0.8571428571428571
nie,827,0,0.0,0.7037484885126964,0.7037484885126964
nde,384,0,0.0,0.734375,0.734375
