{
  "n": 9884,
  "correct": 5654,
  "invalid": 0,
  "invalid_rate": 0.0,
  "acc_all": 0.5720356131121004,
  "acc_valid_only": 0.5720356131121004
}