{
  "n": 10556,
  "correct": 8318,
  "invalid": 50,
  "invalid_rate": 0.004736642667677151,
  "acc_all": 0.7879878741947708,
  "acc_valid_only": 0.791738054445079
}