{
  "n": 10556,
  "correct": 8738,
  "invalid": 157,
  "invalid_rate": 0.014873057976506253,
  "acc_all": 0.8277756726032588,
  "acc_valid_only": 0.8402731031829984
}