{
  "n": 10560,
  "correct": 6595,
  "invalid": 0,
  "invalid_rate": 0.0,
  "acc_all": 0.6245265151515151,
  "acc_valid_only": 0.6245265151515151
}