{
  "n": 10560,
  "correct": 5593,
  "invalid": 0,
  "invalid_rate": 0.0,
  "acc_all": 0.5296401515151515,
  "acc_valid_only": 0.5296401515151515
}