{
  "n": 10556,
  "correct": 5464,
  "invalid": 0,
  "invalid_rate": 0.0,
  "acc_all": 0.517620310723759,
  "acc_valid_only": 0.517620310723759
}