{
  "n": 10392,
  "correct": 5488,
  "invalid": 1,
  "invalid_rate": 9.622786759045419e-05,
  "acc_all": 0.5280985373364127,
  "acc_valid_only": 0.5281493600230969
}