{
  "n": 10560,
  "correct": 8480,
  "invalid": 0,
  "invalid_rate": 0.0,
  "acc_all": 0.803030303030303,
  "acc_valid_only": 0.803030303030303
}