query_type,n,invalid,invalid_rate,acc_all,acc_valid_only
backadj,45,0,0.0,1.0,1.0
marginal,45,0,0.0,0.6222222222222222,0.6222222222222222
ate,39,0,0.0,1.0,1.0
correlation,39,0,0.0,0.8205128205128205,0.8205128205128205
det-counterfactual,39,0,0.0,0.8205128205128205,0.8205128205128205
ett,33,0,0.0,0.8787878787878788,0.8787878787878788
nie,23,0,0.0,0.782608695652174,0.782608695652174
nde,15,0,0.0,0.8,0.8
collider_bias,5,0,0.0,1.0,1.0
exp_away,5,0,0.0,0.4,0.4
