{
  "n": 288,
  "correct": 242,
  "invalid": 0,
  "invalid_rate": 0.0,
  "acc_all": 0.8402777777777778,
  "acc_valid_only": 0.8402777777777778
}