{
  "n": 10560,
  "correct": 8291,
  "invalid": 41,
  "invalid_rate": 0.0038825757575757574,
  "acc_all": 0.7851325757575758,
  "acc_valid_only": 0.7881927939918243
}