query_type,n,invalid,invalid_rate,acc_all,acc_valid_only
backadj,1600,0,0.0,0.955,0.955
marginal,1600,0,0.0,0.8875,0.8875
ate,1440,0,0.0,0.85625,0.85625
correlation,1440,0,0.0,0.6875,0.6875
det-counterfactual,1440,0,0.0,0.5701388888888889,0.5701388888888889
ett,1280,0,0.0,0.6578125,0.6578125
nie,800,0,0.0,0.65375,0.65375
nde,320,0,0.0,0.7625,0.7625
collider_bias,160,0,0.0,0.90625,0.90625
exp_away,160,0,0.0,0.74375,0.74375
