{
  "n": 10240,
  "correct": 7865,
  "invalid": 0,
  "invalid_rate": 0.0,
  "acc_all": 0.76806640625,
  "acc_valid_only": 0.76806640625
}