query_type,n,invalid,invalid_rate,acc_all,acc_valid_only
ate,1518,0,0.0,0.9143610013175231,0.9143610013175231
backadj,1518,0,0.0,0.17918313570487485,0.17918313570487485
correlation,1518,0,0.0,0.930171277997365,0.930171277997365
marginal,1518,0,0.0,0.9492753623188406,0.9492753623188406
ett,1288,4,0.003105590062111801,0.797360248447205,0.7998442367601246
nie,874,44,0.05034324942791762,0.7540045766590389,0.7939759036144578
det-counterfactual,870,0,0.0,0.18160919540229886,0.18160919540229886
nde,552,38,0.06884057971014493,0.7119565217391305,0.7645914396887159
