{
  "n": 9656,
  "correct": 6750,
  "invalid": 86,
  "invalid_rate": 0.008906379453189726,
  "acc_all": 0.6990472245236122,
  "acc_valid_only": 0.7053291536050157
}