{
  "n": 10392,
  "correct": 7959,
  "invalid": 0,
  "invalid_rate": 0.0,
  "acc_all": 0.765877598152425,
  "acc_valid_only": 0.765877598152425
}