query_type,n,invalid,invalid_rate,acc_all,acc_valid_only
backadj,1600,0,0.0,0.5,0.5
marginal,1600,0,0.0,0.5,0.5
ate,1440,0,0.0,0.5881944444444445,0.5881944444444445
correlation,1440,0,0.0,0.5881944444444445,0.5881944444444445
det-counterfactual,1440,0,0.0,0.5118055555555555,0.5118055555555555
ett,1280,0,0.0,0.496875,0.496875
nie,800,0,0.0,0.56625,0.56625
nde,320,0,0.0,0.55625,0.55625
collider_bias,160,0,0.0,0.5,0.5
exp_away,160,0,0.0,0.55,0.55
