query_type,n,invalid,invalid_rate,acc_all,acc_valid_only
backadj,1600,0,0.0,0.485,0.485
marginal,1600,0,0.0,0.913125,0.913125
ate,1440,0,0.0,0.8819444444444444,0.8819444444444444
correlation,1440,0,0.0,0.6243055555555556,0.6243055555555556
det-counterfactual,1440,0,0.0,0.9131944444444444,0.9131944444444444
ett,1280,0,0.0,0.85234375,0.85234375
nie,800,0,0.0,0.69875,0.69875
nde,320,0,0.0,0.790625,0.790625
collider_bias,160,0,0.0,0.88125,0.88125
exp_away,160,0,0.0,0.68125,0.68125
