query_type,n,invalid,invalid_rate,acc_all,acc_valid_only
backadj,1600,0,0.0,0.946875,0.946875
marginal,1600,0,0.0,0.861875,0.861875
ate,1440,0,0.0,0.8604166666666667,0.8604166666666667
correlation,1440,0,0.0,0.7069444444444445,0.7069444444444445
det-counterfactual,1440,0,0.0,0.5916666666666667,0.5916666666666667
ett,1280,0,0.0,0.609375,0.609375
nie,800,0,0.0,0.6725,0.6725
nde,320,0,0.0,0.759375,0.759375
collider_bias,160,0,0.0,0.88125,0.88125
exp_away,160,0,0.0,0.78125,0.78125
