{
  "n": 10240,
  "correct": 7830,
  "invalid": 0,
  "invalid_rate": 0.0,
  "acc_all": 0.7646484375,
  "acc_valid_only": 0.7646484375
}