{
  "n": 10560,
  "correct": 6027,
  "invalid": 0,
  "invalid_rate": 0.0,
  "acc_all": 0.5707386363636363,
  "acc_valid_only": 0.5707386363636363
}