{
  "n": 10392,
  "correct": 5449,
  "invalid": 0,
  "invalid_rate": 0.0,
  "acc_all": 0.524345650500385,
  "acc_valid_only": 0.524345650500385
}