{
  "n": 10392,
  "correct": 5512,
  "invalid": 0,
  "invalid_rate": 0.0,
  "acc_all": 0.5304080061585835,
  "acc_valid_only": 0.5304080061585835
}