{
  "n": 10556,
  "correct": 5203,
  "invalid": 14,
  "invalid_rate": 0.001326259946949602,
  "acc_all": 0.4928950359984843,
  "acc_valid_only": 0.4935496110794916
}