{
  "n": 10392,
  "correct": 5769,
  "invalid": 0,
  "invalid_rate": 0.0,
  "acc_all": 0.5551385681293303,
  "acc_valid_only": 0.5551385681293303
}