query_type,n,invalid,invalid_rate,acc_all,acc_valid_only
backadj,1600,0,0.0,0.503125,0.503125
marginal,1600,0,0.0,0.603125,0.603125
ate,1440,0,0.0,0.7506944444444444,0.7506944444444444
correlation,1440,0,0.0,0.5833333333333334,0.5833333333333334
det-counterfactual,1440,0,0.0,0.5465277777777777,0.5465277777777777
ett,1280,0,0.0,0.4890625,0.4890625
nie,800,0,0.0,0.57375,0.57375
nde,320,0,0.0,0.559375,0.559375
collider_bias,160,0,0.0,0.5,0.5
exp_away,160,0,0.0,0.74375,0.74375
