query_type,n,invalid,invalid_rate,acc_all,acc_valid_only
backadj,1600,0,0.0,0.501875,0.501875
marginal,1600,0,0.0,0.5975,0.5975
ate,1440,0,0.0,0.7548611111111111,0.7548611111111111
correlation,1440,0,0.0,0.5576388888888889,0.5576388888888889
det-counterfactual,1440,0,0.0,0.5486111111111112,0.5486111111111112
ett,1280,0,0.0,0.49375,0.49375
nie,800,0,0.0,0.49625,0.49625
nde,320,0,0.0,0.59375,0.59375
collider_bias,160,0,0.0,0.5,0.5
exp_away,160,0,0.0,0.76875,0.76875
