{
  "n": 10240,
  "correct": 5941,
  "invalid": 0,
  "invalid_rate": 0.0,
  "acc_all": 0.58017578125,
  "acc_valid_only": 0.58017578125
}