query_type,n,invalid,invalid_rate,acc_all,acc_valid_only
ate,1476,0,0.0,0.8902439024390244,0.8902439024390244
correlation,1476,0,0.0,0.6253387533875339,0.6253387533875339
marginal,1476,0,0.0,0.9126016260162602,0.9126016260162602
ett,1296,0,0.0,0.8858024691358025,0.8858024691358025
nie,828,0,0.0,0.7415458937198067,0.7415458937198067
nde,384,0,0.0,0.7265625,0.7265625
