{
  "n": 6936,
  "correct": 5625,
  "invalid": 0,
  "invalid_rate": 0.0,
  "acc_all": 0.8109861591695502,
  "acc_valid_only": 0.8109861591695502
}