{
  "n": 10556,
  "correct": 7755,
  "invalid": 0,
  "invalid_rate": 0.0,
  "acc_all": 0.7346532777567261,
  "acc_valid_only": 0.7346532777567261
}