{
  "n": 288,
  "correct": 226,
  "invalid": 0,
  "invalid_rate": 0.0,
  "acc_all": 0.7847222222222222,
  "acc_valid_only": 0.7847222222222222
}