query_type,n,invalid,invalid_rate,acc_all,acc_valid_only
backadj,45,0,0.0,1.0,1.0
marginal,45,0,0.0,0.6666666666666666,0.6666666666666666
ate,39,0,0.0,1.0,1.0
correlation,39,0,0.0,0.7948717948717948,0.7948717948717948
det-counterfactual,39,0,0.0,0.6923076923076923,0.6923076923076923
ett,33,0,0.0,0.9090909090909091,0.9090909090909091
nie,23,0,0.0,0.7391304347826086,0.7391304347826086
nde,15,0,0.0,0.8,0.8
collider_bias,5,0,0.0,1.0,1.0
exp_away,5,0,0.0,0.8,0.8
