{
  "n": 10560,
  "correct": 5271,
  "invalid": 4,
  "invalid_rate": 0.0003787878787878788,
  "acc_all": 0.49914772727272727,
  "acc_valid_only": 0.4993368700265252
}