{
  "n": 10392,
  "correct": 6738,
  "invalid": 0,
  "invalid_rate": 0.0,
  "acc_all": 0.6483833718244804,
  "acc_valid_only": 0.6483833718244804
}