query_type,n,invalid,invalid_rate,acc_all,acc_valid_only
marginal,1644,0,0.0,0.5048661800486618,0.5048661800486618
correlation,1475,0,0.0,0.528135593220339,0.528135593220339
ate,1475,0,0.0,0.5959322033898306,0.5959322033898306
ett,1295,0,0.0,0.4671814671814672,0.4671814671814672
nie,827,0,0.0,0.5598548972188634,0.5598548972188634
nde,384,0,0.0,0.5286458333333334,0.5286458333333334
exp_away,168,0,0.0,0.6369047619047619,0.6369047619047619
