{
  "n": 7268,
  "correct": 3866,
  "invalid": 0,
  "invalid_rate": 0.0,
  "acc_all": 0.5319207484865163,
  "acc_valid_only": 0.5319207484865163
}