{
  "n": 10392,
  "correct": 8195,
  "invalid": 0,
  "invalid_rate": 0.0,
  "acc_all": 0.7885873749037722,
  "acc_valid_only": 0.7885873749037722
}