{
  "n": 10392,
  "correct": 8331,
  "invalid": 0,
  "invalid_rate": 0.0,
  "acc_all": 0.8016743648960739,
  "acc_valid_only": 0.8016743648960739
}