{
  "n": 10556,
  "correct": 5392,
  "invalid": 0,
  "invalid_rate": 0.0,
  "acc_all": 0.5107995452823039,
  "acc_valid_only": 0.5107995452823039
}