{
  "n": 10556,
  "correct": 7665,
  "invalid": 0,
  "invalid_rate": 0.0,
  "acc_all": 0.7261273209549072,
  "acc_valid_only": 0.7261273209549072
}