query_type,n,invalid,invalid_rate,acc_all,acc_valid_only
backadj,1600,0,0.0,0.5,0.5
marginal,1600,0,0.0,0.531875,0.531875
ate,1440,0,0.0,0.6479166666666667,0.6479166666666667
correlation,1440,0,0.0,0.5138888888888888,0.5138888888888888
det-counterfactual,1440,0,0.0,0.4826388888888889,0.4826388888888889
ett,1280,0,0.0,0.4953125,0.4953125
nie,800,0,0.0,0.5625,0.5625
nde,320,0,0.0,0.5875,0.5875
collider_bias,160,0,0.0,0.525,0.525
exp_away,160,0,0.0,0.55625,0.55625
