{
  "n": 10240,
  "correct": 5464,
  "invalid": 0,
  "invalid_rate": 0.0,
  "acc_all": 0.53359375,
  "acc_valid_only": 0.53359375
}