query_type,n,invalid,invalid_rate,acc_all,acc_valid_only
ate,1440,0,0.0,0.8701388888888889,0.8701388888888889
correlation,1440,0,0.0,0.7868055555555555,0.7868055555555555
marginal,1440,0,0.0,0.8944444444444445,0.8944444444444445
ett,1280,0,0.0,0.85703125,0.85703125
nie,800,0,0.0,0.685,0.685
nde,320,0,0.0,0.796875,0.796875
