{
  "n": 6720,
  "correct": 5574,
  "invalid": 0,
  "invalid_rate": 0.0,
  "acc_all": 0.8294642857142858,
  "acc_valid_only": 0.8294642857142858
}