{
  "n": 10560,
  "correct": 5367,
  "invalid": 0,
  "invalid_rate": 0.0,
  "acc_all": 0.5082386363636363,
  "acc_valid_only": 0.5082386363636363
}