query_type,n,invalid,invalid_rate,acc_all,acc_valid_only
backadj,1600,0,0.0,0.41,0.41
marginal,1600,0,0.0,0.639375,0.639375
ate,1440,0,0.0,0.7680555555555556,0.7680555555555556
correlation,1440,0,0.0,0.5020833333333333,0.5020833333333333
det-counterfactual,1440,0,0.0,0.6236111111111111,0.6236111111111111
ett,1280,0,0.0,0.49296875,0.49296875
nie,800,0,0.0,0.52,0.52
nde,320,0,0.0,0.634375,0.634375
collider_bias,160,0,0.0,0.5,0.5
exp_away,160,0,0.0,0.74375,0.74375
