{
  "n": 10556,
  "correct": 8280,
  "invalid": 84,
  "invalid_rate": 0.007957559681697613,
  "acc_all": 0.7843880257673361,
  "acc_valid_only": 0.7906799083269671
}