query_type,n,invalid,invalid_rate,acc_all,acc_valid_only
backadj,1600,0,0.0,0.569375,0.569375
marginal,1600,0,0.0,0.905625,0.905625
ate,1440,0,0.0,0.86875,0.86875
correlation,1440,0,0.0,0.6395833333333333,0.6395833333333333
det-counterfactual,1440,0,0.0,0.90625,0.90625
ett,1280,0,0.0,0.84296875,0.84296875
nie,800,0,0.0,0.7025,0.7025
nde,320,0,0.0,0.765625,0.765625
collider_bias,160,0,0.0,0.90625,0.90625
exp_away,160,0,0.0,0.66875,0.66875
