query_type,n,invalid,invalid_rate,acc_all,acc_valid_only
backadj,1600,0,0.0,0.908125,0.908125
marginal,1600,0,0.0,0.89375,0.89375
ate,1440,0,0.0,0.8763888888888889,0.8763888888888889
correlation,1440,0,0.0,0.7541666666666667,0.7541666666666667
det-counterfactual,1440,0,0.0,0.9243055555555556,0.9243055555555556
ett,1280,0,0.0,0.840625,0.840625
nie,800,0,0.0,0.70125,0.70125
nde,320,0,0.0,0.725,0.725
collider_bias,160,0,0.0,1.0,1.0
exp_away,160,0,0.0,0.7375,0.7375
