{
  "n": 10240,
  "correct": 7975,
  "invalid": 0,
  "invalid_rate": 0.0,
  "acc_all": 0.77880859375,
  "acc_valid_only": 0.77880859375
}