{
  "n": 10240,
  "correct": 8709,
  "invalid": 0,
  "invalid_rate": 0.0,
  "acc_all": 0.85048828125,
  "acc_valid_only": 0.85048828125
}