{
  "n": 2880,
  "correct": 1592,
  "invalid": 0,
  "invalid_rate": 0.0,
  "acc_all": 0.5527777777777778,
  "acc_valid_only": 0.5527777777777778
}