{
  "n": 10556,
  "correct": 5442,
  "invalid": 0,
  "invalid_rate": 0.0,
  "acc_all": 0.515536187949981,
  "acc_valid_only": 0.515536187949981
}