{
  "n": 10560,
  "correct": 7695,
  "invalid": 0,
  "invalid_rate": 0.0,
  "acc_all": 0.7286931818181818,
  "acc_valid_only": 0.7286931818181818
}