{
  "n": 10560,
  "correct": 7348,
  "invalid": 0,
  "invalid_rate": 0.0,
  "acc_all": 0.6958333333333333,
  "acc_valid_only": 0.6958333333333333
}