{
  "n": 10392,
  "correct": 6371,
  "invalid": 11,
  "invalid_rate": 0.001058506543494996,
  "acc_all": 0.6130677444187836,
  "acc_valid_only": 0.6137173682689528
}