{
  "n": 10392,
  "correct": 6386,
  "invalid": 16,
  "invalid_rate": 0.001539645881447267,
  "acc_all": 0.6145111624326405,
  "acc_valid_only": 0.6154587509637626
}