{
  "n": 10560,
  "correct": 8257,
  "invalid": 0,
  "invalid_rate": 0.0,
  "acc_all": 0.7819128787878787,
  "acc_valid_only": 0.7819128787878787
}