{
  "n": 288,
  "correct": 265,
  "invalid": 0,
  "invalid_rate": 0.0,
  "acc_all": 0.9201388888888888,
  "acc_valid_only": 0.9201388888888888
}