query_type,n,invalid,invalid_rate,acc_all,acc_valid_only
backadj,1600,0,0.0,0.6,0.6
marginal,1600,0,0.0,0.91125,0.91125
ate,1440,0,0.0,0.8472222222222222,0.8472222222222222
correlation,1440,0,0.0,0.5833333333333334,0.5833333333333334
det-counterfactual,1440,0,0.0,0.8590277777777777,0.8590277777777777
ett,1280,0,0.0,0.85390625,0.85390625
nie,800,0,0.0,0.64,0.64
nde,320,0,0.0,0.734375,0.734375
collider_bias,160,0,0.0,0.875,0.875
exp_away,160,0,0.0,0.71875,0.71875
