{
  "n": 10240,
  "correct": 7810,
  "invalid": 0,
  "invalid_rate": 0.0,
  "acc_all": 0.7626953125,
  "acc_valid_only": 0.7626953125
}