query_type,n,invalid,invalid_rate,acc_all,acc_valid_only
backadj,1600,0,0.0,0.83125,0.83125
marginal,1600,0,0.0,0.53875,0.53875
ate,1440,0,0.0,0.8416666666666667,0.8416666666666667
correlation,1440,0,0.0,0.6722222222222223,0.6722222222222223
det-counterfactual,1440,0,0.0,0.5361111111111111,0.5361111111111111
ett,1280,0,0.0,0.27734375,0.27734375
nie,800,0,0.0,0.58875,0.58875
nde,320,0,0.0,0.7625,0.7625
collider_bias,160,0,0.0,0.6125,0.6125
exp_away,160,0,0.0,0.9625,0.9625
