{
  "n": 10240,
  "correct": 6466,
  "invalid": 0,
  "invalid_rate": 0.0,
  "acc_all": 0.6314453125,
  "acc_valid_only": 0.6314453125
}