query_type,n,invalid,invalid_rate,acc_all,acc_valid_only
marginal,1644,0,0.0,0.48661800486618007,0.48661800486618007
correlation,1475,0,0.0,0.4738983050847458,0.4738983050847458
ate,1475,0,0.0,0.7457627118644068,0.7457627118644068
ett,1295,0,0.0,0.8478764478764479,0.8478764478764479
nie,827,0,0.0,0.6154776299879081,0.6154776299879081
nde,384,0,0.0,0.4817708333333333,0.4817708333333333
exp_away,168,0,0.0,0.6845238095238095,0.6845238095238095
