{
  "n": 7268,
  "correct": 4506,
  "invalid": 0,
  "invalid_rate": 0.0,
  "acc_all": 0.619977985690699,
  "acc_valid_only": 0.619977985690699
}