{
  "n": 2880,
  "correct": 1712,
  "invalid": 0,
  "invalid_rate": 0.0,
  "acc_all": 0.5944444444444444,
  "acc_valid_only": 0.5944444444444444
}