query_type,n,invalid,invalid_rate,acc_all,acc_valid_only
backadj,1600,0,0.0,0.5,0.5
marginal,1600,0,0.0,0.609375,0.609375
ate,1440,0,0.0,0.7909722222222222,0.7909722222222222
correlation,1440,0,0.0,0.5576388888888889,0.5576388888888889
det-counterfactual,1440,0,0.0,0.5979166666666667,0.5979166666666667
ett,1280,0,0.0,0.4984375,0.4984375
nie,800,0,0.0,0.50375,0.50375
nde,320,0,0.0,0.675,0.675
collider_bias,160,0,0.0,0.5,0.5
exp_away,160,0,0.0,0.70625,0.70625
