{
  "n": 10240,
  "correct": 6028,
  "invalid": 0,
  "invalid_rate": 0.0,
  "acc_all": 0.588671875,
  "acc_valid_only": 0.588671875
}