{
  "n": 10560,
  "correct": 6329,
  "invalid": 0,
  "invalid_rate": 0.0,
  "acc_all": 0.5993371212121212,
  "acc_valid_only": 0.5993371212121212
}