{
  "n": 10560,
  "correct": 8155,
  "invalid": 0,
  "invalid_rate": 0.0,
  "acc_all": 0.7722537878787878,
  "acc_valid_only": 0.7722537878787878
}