{
  "n": 10556,
  "correct": 7965,
  "invalid": 0,
  "invalid_rate": 0.0,
  "acc_all": 0.7545471769609701,
  "acc_valid_only": 0.7545471769609701
}