{
  "n": 10560,
  "correct": 6266,
  "invalid": 0,
  "invalid_rate": 0.0,
  "acc_all": 0.5933712121212121,
  "acc_valid_only": 0.5933712121212121
}