{
  "n": 10392,
  "correct": 5165,
  "invalid": 0,
  "invalid_rate": 0.0,
  "acc_all": 0.49701693610469594,
  "acc_valid_only": 0.49701693610469594
}