{
  "n": 10556,
  "correct": 6431,
  "invalid": 127,
  "invalid_rate": 0.012031072375899962,
  "acc_all": 0.6092269799166351,
  "acc_valid_only": 0.6166458912647426
}