{
  "n": 10556,
  "correct": 6352,
  "invalid": 121,
  "invalid_rate": 0.011462675255778704,
  "acc_all": 0.6017430845017052,
  "acc_valid_only": 0.6087206516530905
}