query_type,n,invalid,invalid_rate,acc_all,acc_valid_only
backadj,1600,0,0.0,0.90875,0.90875
marginal,1600,0,0.0,0.874375,0.874375
ate,1440,0,0.0,0.8659722222222223,0.8659722222222223
correlation,1440,0,0.0,0.6284722222222222,0.6284722222222222
det-counterfactual,1440,0,0.0,0.5916666666666667,0.5916666666666667
ett,1280,0,0.0,0.5890625,0.5890625
nie,800,0,0.0,0.67375,0.67375
nde,320,0,0.0,0.76875,0.76875
collider_bias,160,0,0.0,0.90625,0.90625
exp_away,160,0,0.0,0.70625,0.70625
