{
  "n": 2880,
  "correct": 1694,
  "invalid": 75,
  "invalid_rate": 0.026041666666666668,
  "acc_all": 0.5881944444444445,
  "acc_valid_only": 0.6039215686274509
}