{
  "n": 10556,
  "correct": 6248,
  "invalid": 0,
  "invalid_rate": 0.0,
  "acc_all": 0.5918908677529368,
  "acc_valid_only": 0.5918908677529368
}