query_type,n,invalid,invalid_rate,acc_all,acc_valid_only
backadj,1476,0,0.0,0.22493224932249323,0.22493224932249323
det-counterfactual,1476,0,0.0,0.25,0.25
marginal,1476,0,0.0,0.9573170731707317,0.9573170731707317
ate,1475,0,0.0,0.9064406779661017,0.9064406779661017
correlation,1475,0,0.0,0.9484745762711865,0.9484745762711865
ett,1295,0,0.0,0.901930501930502,0.901930501930502
nie,827,0,0.0,0.7799274486094316,0.7799274486094316
nde,384,0,0.0,0.7864583333333334,0.7864583333333334
