{
  "n": 9884,
  "correct": 6965,
  "invalid": 0,
  "invalid_rate": 0.0,
  "acc_all": 0.7046742209631728,
  "acc_valid_only": 0.7046742209631728
}