{
  "n": 10392,
  "correct": 8351,
  "invalid": 117,
  "invalid_rate": 0.011258660508083142,
  "acc_all": 0.803598922247883,
  "acc_valid_only": 0.8127493917274939
}