query_type,n,invalid,invalid_rate,acc_all,acc_valid_only
backadj,1600,0,0.0,0.56875,0.56875
marginal,1600,0,0.0,0.85,0.85
ate,1440,0,0.0,0.8486111111111111,0.8486111111111111
correlation,1440,0,0.0,0.6208333333333333,0.6208333333333333
det-counterfactual,1440,0,0.0,0.8694444444444445,0.8694444444444445
ett,1280,0,0.0,0.79140625,0.79140625
nie,800,0,0.0,0.66875,0.66875
nde,320,0,0.0,0.734375,0.734375
collider_bias,160,0,0.0,0.94375,0.94375
exp_away,160,0,0.0,0.61875,0.61875
