{
  "n": 10560,
  "correct": 7543,
  "invalid": 0,
  "invalid_rate": 0.0,
  "acc_all": 0.7142992424242425,
  "acc_valid_only": 0.7142992424242425
}