query_type,n,invalid,invalid_rate,acc_all,acc_valid_only
backadj,1702,0,0.0,0.5,0.5
marginal,1702,0,0.0,0.5,0.5
ate,1518,0,0.0,0.5507246376811594,0.5507246376811594
correlation,1518,0,0.0,0.5,0.5
ett,1288,0,0.0,0.5,0.5
nie,874,0,0.0,0.6064073226544623,0.6064073226544623
det-counterfactual,870,0,0.0,0.5367816091954023,0.5367816091954023
nde,552,0,0.0,0.45108695652173914,0.45108695652173914
collider_bias,184,0,0.0,0.5,0.5
exp_away,184,0,0.0,0.5054347826086957,0.5054347826086957
