{
  "n": 10392,
  "correct": 5372,
  "invalid": 0,
  "invalid_rate": 0.0,
  "acc_all": 0.5169361046959199,
  "acc_valid_only": 0.5169361046959199
}