{
  "n": 10560,
  "correct": 5358,
  "invalid": 0,
  "invalid_rate": 0.0,
  "acc_all": 0.5073863636363637,
  "acc_valid_only": 0.5073863636363637
}