query_type,n,invalid,invalid_rate,acc_all,acc_valid_only
marginal,1702,0,0.0,0.48472385428907167,0.48472385428907167
correlation,1518,0,0.0,0.5382081686429513,0.5382081686429513
ate,1518,0,0.0,0.7799736495388669,0.7799736495388669
ett,1288,0,0.0,0.37422360248447206,0.37422360248447206
nie,874,0,0.0,0.5469107551487414,0.5469107551487414
nde,552,0,0.0,0.5362318840579711,0.5362318840579711
exp_away,184,0,0.0,0.5054347826086957,0.5054347826086957
