{
  "n": 7636,
  "correct": 4175,
  "invalid": 0,
  "invalid_rate": 0.0,
  "acc_all": 0.5467522262964903,
  "acc_valid_only": 0.5467522262964903
}