query_type,n,invalid,invalid_rate,acc_all,acc_valid_only
backadj,1600,0,0.0,0.574375,0.574375
marginal,1600,0,0.0,0.63375,0.63375
ate,1440,0,0.0,0.8256944444444444,0.8256944444444444
correlation,1440,0,0.0,0.5472222222222223,0.5472222222222223
det-counterfactual,1440,0,0.0,0.6631944444444444,0.6631944444444444
ett,1280,0,0.0,0.8140625,0.8140625
nie,800,0,0.0,0.655,0.655
nde,320,0,0.0,0.6875,0.6875
collider_bias,160,0,0.0,0.86875,0.86875
exp_away,160,0,0.0,0.625,0.625
