{
  "n": 10240,
  "correct": 6890,
  "invalid": 0,
  "invalid_rate": 0.0,
  "acc_all": 0.6728515625,
  "acc_valid_only": 0.6728515625
}