query_type,n,invalid,invalid_rate,acc_all,acc_valid_only
backadj,1600,0,0.0,0.5,0.5
marginal,1600,0,0.0,0.593125,0.593125
ate,1440,0,0.0,0.6993055555555555,0.6993055555555555
correlation,1440,0,0.0,0.5673611111111111,0.5673611111111111
det-counterfactual,1440,0,0.0,0.5576388888888889,0.5576388888888889
ett,1280,0,0.0,0.48359375,0.48359375
nie,800,0,0.0,0.4975,0.4975
nde,320,0,0.0,0.5125,0.5125
collider_bias,160,0,0.0,0.5,0.5
exp_away,160,0,0.0,0.5,0.5
