{
  "n": 10240,
  "correct": 5717,
  "invalid": 0,
  "invalid_rate": 0.0,
  "acc_all": 0.55830078125,
  "acc_valid_only": 0.55830078125
}