{
  "n": 10392,
  "correct": 8961,
  "invalid": 0,
  "invalid_rate": 0.0,
  "acc_all": 0.8622979214780601,
  "acc_valid_only": 0.8622979214780601
}