query_type,n,invalid,invalid_rate,acc_all,acc_valid_only
backadj,1600,0,0.0,0.489375,0.489375
marginal,1600,0,0.0,0.5,0.5
ate,1440,0,0.0,0.4861111111111111,0.4861111111111111
correlation,1440,0,0.0,0.4986111111111111,0.4986111111111111
det-counterfactual,1440,0,0.0,0.5020833333333333,0.5020833333333333
ett,1280,0,0.0,0.50390625,0.50390625
nie,800,0,0.0,0.50375,0.50375
nde,320,0,0.0,0.503125,0.503125
collider_bias,160,0,0.0,0.49375,0.49375
exp_away,160,0,0.0,0.5125,0.5125
