{
  "n": 10560,
  "correct": 5418,
  "invalid": 0,
  "invalid_rate": 0.0,
  "acc_all": 0.5130681818181818,
  "acc_valid_only": 0.5130681818181818
}