{
  "n": 10556,
  "correct": 5414,
  "invalid": 0,
  "invalid_rate": 0.0,
  "acc_all": 0.5128836680560819,
  "acc_valid_only": 0.5128836680560819
}