{
  "n": 10556,
  "correct": 7879,
  "invalid": 0,
  "invalid_rate": 0.0,
  "acc_all": 0.7464001515725653,
  "acc_valid_only": 0.7464001515725653
}