query_type,n,invalid,invalid_rate,acc_all,acc_valid_only
backadj,1600,0,0.0,0.96,0.96
marginal,1600,0,0.0,0.90375,0.90375
ate,1440,0,0.0,0.8798611111111111,0.8798611111111111
correlation,1440,0,0.0,0.7166666666666667,0.7166666666666667
det-counterfactual,1440,0,0.0,0.8916666666666667,0.8916666666666667
ett,1280,0,0.0,0.85,0.85
nie,800,0,0.0,0.70125,0.70125
nde,320,0,0.0,0.80625,0.80625
collider_bias,160,0,0.0,0.9,0.9
exp_away,160,0,0.0,0.7125,0.7125
