{
  "n": 10560,
  "correct": 5746,
  "invalid": 0,
  "invalid_rate": 0.0,
  "acc_all": 0.5441287878787879,
  "acc_valid_only": 0.5441287878787879
}