{
  "n": 10392,
  "correct": 8348,
  "invalid": 82,
  "invalid_rate": 0.007890685142417244,
  "acc_all": 0.8033102386451116,
  "acc_valid_only": 0.8096993210475266
}