query_type,n,invalid,invalid_rate,acc_all,acc_valid_only
marginal,1644,0,0.0,0.4981751824817518,0.4981751824817518
correlation,1476,0,0.0,0.5582655826558266,0.5582655826558266
ate,1476,0,0.0,0.6524390243902439,0.6524390243902439
ett,1296,0,0.0,0.4722222222222222,0.4722222222222222
nie,828,0,0.0,0.6292270531400966,0.6292270531400966
nde,384,0,0.0,0.5546875,0.5546875
exp_away,168,0,0.0,0.5476190476190477,0.5476190476190477
