{
  "n": 7272,
  "correct": 4044,
  "invalid": 0,
  "invalid_rate": 0.0,
  "acc_all": 0.5561056105610561,
  "acc_valid_only": 0.5561056105610561
}