{
  "n": 10392,
  "correct": 8269,
  "invalid": 0,
  "invalid_rate": 0.0,
  "acc_all": 0.7957082371054658,
  "acc_valid_only": 0.7957082371054658
}