{
  "n": 10560,
  "correct": 7164,
  "invalid": 0,
  "invalid_rate": 0.0,
  "acc_all": 0.678409090909091,
  "acc_valid_only": 0.678409090909091
}