{
  "n": 10392,
  "correct": 5324,
  "invalid": 0,
  "invalid_rate": 0.0,
  "acc_all": 0.5123171670515781,
  "acc_valid_only": 0.5123171670515781
}