{
  "n": 10392,
  "correct": 7426,
  "invalid": 0,
  "invalid_rate": 0.0,
  "acc_all": 0.7145881447267128,
  "acc_valid_only": 0.7145881447267128
}