{
  "n": 10560,
  "correct": 6498,
  "invalid": 130,
  "invalid_rate": 0.01231060606060606,
  "acc_all": 0.6153409090909091,
  "acc_valid_only": 0.6230105465004794
}