{
  "n": 10560,
  "correct": 6485,
  "invalid": 110,
  "invalid_rate": 0.010416666666666666,
  "acc_all": 0.6141098484848485,
  "acc_valid_only": 0.6205741626794259
}