query_type,n,invalid,invalid_rate,acc_all,acc_valid_only
backadj,1476,0,0.0,0.07588075880758807,0.07588075880758807
det-counterfactual,1476,0,0.0,0.08062330623306233,0.08062330623306233
marginal,1476,0,0.0,0.8773712737127372,0.8773712737127372
ate,1475,0,0.0,0.88,0.88
correlation,1475,0,0.0,0.736271186440678,0.736271186440678
ett,1295,0,0.0,0.8772200772200772,0.8772200772200772
nie,827,0,0.0,0.7158403869407497,0.7158403869407497
nde,384,0,0.0,0.7604166666666666,0.7604166666666666
