{
  "n": 9884,
  "correct": 5930,
  "invalid": 0,
  "invalid_rate": 0.0,
  "acc_all": 0.5999595305544314,
  "acc_valid_only": 0.5999595305544314
}