{
  "n": 10556,
  "correct": 7589,
  "invalid": 0,
  "invalid_rate": 0.0,
  "acc_all": 0.7189276241000379,
  "acc_valid_only": 0.7189276241000379
}