query_type,n,invalid,invalid_rate,acc_all,acc_valid_only
backadj,1702,0,0.0,0.49764982373678024,0.49764982373678024
marginal,1702,0,0.0,0.5787309048178614,0.5787309048178614
ate,1518,0,0.0,0.8695652173913043,0.8695652173913043
correlation,1518,0,0.0,0.5948616600790514,0.5948616600790514
ett,1288,0,0.0,0.38975155279503104,0.38975155279503104
nie,874,0,0.0,0.5697940503432495,0.5697940503432495
nde,552,0,0.0,0.6503623188405797,0.6503623188405797
collider_bias,184,0,0.0,0.5,0.5
exp_away,184,0,0.0,0.782608695652174,0.782608695652174
