{
  "n": 9522,
  "correct": 5650,
  "invalid": 0,
  "invalid_rate": 0.0,
  "acc_all": 0.5933627389203949,
  "acc_valid_only": 0.5933627389203949
}