{
  "n": 10560,
  "correct": 8122,
  "invalid": 0,
  "invalid_rate": 0.0,
  "acc_all": 0.7691287878787879,
  "acc_valid_only": 0.7691287878787879
}