{
  "n": 288,
  "correct": 249,
  "invalid": 0,
  "invalid_rate": 0.0,
  "acc_all": 0.8645833333333334,
  "acc_valid_only": 0.8645833333333334
}