{
  "n": 10560,
  "correct": 7899,
  "invalid": 0,
  "invalid_rate": 0.0,
  "acc_all": 0.7480113636363637,
  "acc_valid_only": 0.7480113636363637
}