{
  "n": 10560,
  "correct": 7904,
  "invalid": 0,
  "invalid_rate": 0.0,
  "acc_all": 0.7484848484848485,
  "acc_valid_only": 0.7484848484848485
}