{
  "n": 10392,
  "correct": 5336,
  "invalid": 0,
  "invalid_rate": 0.0,
  "acc_all": 0.5134719014626636,
  "acc_valid_only": 0.5134719014626636
}