query_type,n,invalid,invalid_rate,acc_all,acc_valid_only
marginal,1702,0,0.0,0.5616921269095182,0.5616921269095182
correlation,1518,0,0.0,0.6284584980237155,0.6284584980237155
ate,1518,0,0.0,0.8847167325428195,0.8847167325428195
ett,1288,0,0.0,0.9277950310559007,0.9277950310559007
nie,874,0,0.0,0.6967963386727689,0.6967963386727689
nde,552,0,0.0,0.6938405797101449,0.6938405797101449
exp_away,184,0,0.0,0.8260869565217391,0.8260869565217391
