{
  "n": 7636,
  "correct": 5592,
  "invalid": 0,
  "invalid_rate": 0.0,
  "acc_all": 0.7323205866946045,
  "acc_valid_only": 0.7323205866946045
}