{
  "n": 10556,
  "correct": 7133,
  "invalid": 0,
  "invalid_rate": 0.0,
  "acc_all": 0.6757294429708223,
  "acc_valid_only": 0.6757294429708223
}