query_type,n,invalid,invalid_rate,acc_all,acc_valid_only
marginal,1644,0,0.0,0.5358880778588808,0.5358880778588808
correlation,1476,0,0.0,0.6619241192411924,0.6619241192411924
ate,1476,0,0.0,0.8868563685636857,0.8868563685636857
ett,1296,0,0.0,0.8626543209876543,0.8626543209876543
nie,828,0,0.0,0.7596618357487923,0.7596618357487923
nde,384,0,0.0,0.7578125,0.7578125
exp_away,168,0,0.0,0.7380952380952381,0.7380952380952381
