{
  "n": 7272,
  "correct": 5329,
  "invalid": 0,
  "invalid_rate": 0.0,
  "acc_all": 0.7328107810781078,
  "acc_valid_only": 0.7328107810781078
}