{
  "n": 10392,
  "correct": 5354,
  "invalid": 0,
  "invalid_rate": 0.0,
  "acc_all": 0.5152040030792918,
  "acc_valid_only": 0.5152040030792918
}