{
  "n": 10560,
  "correct": 8240,
  "invalid": 0,
  "invalid_rate": 0.0,
  "acc_all": 0.7803030303030303,
  "acc_valid_only": 0.7803030303030303
}