{
  "n": 10560,
  "correct": 9191,
  "invalid": 0,
  "invalid_rate": 0.0,
  "acc_all": 0.8703598484848485,
  "acc_valid_only": 0.8703598484848485
}