query_type,n,invalid,invalid_rate,acc_all,acc_valid_only
ate,1476,0,0.0,0.8563685636856369,0.8563685636856369
backadj,1476,0,0.0,0.06097560975609756,0.06097560975609756
correlation,1476,0,0.0,0.45528455284552843,0.45528455284552843
det-counterfactual,1476,0,0.0,0.12737127371273713,0.12737127371273713
marginal,1476,0,0.0,0.8495934959349594,0.8495934959349594
ett,1296,0,0.0,0.8217592592592593,0.8217592592592593
nie,828,0,0.0,0.6920289855072463,0.6920289855072463
nde,384,0,0.0,0.6380208333333334,0.6380208333333334
