{
  "n": 10560,
  "correct": 5980,
  "invalid": 4,
  "invalid_rate": 0.0003787878787878788,
  "acc_all": 0.5662878787878788,
  "acc_valid_only": 0.5665024630541872
}