{
  "n": 10556,
  "correct": 8251,
  "invalid": 0,
  "invalid_rate": 0.0,
  "acc_all": 0.7816407730200834,
  "acc_valid_only": 0.7816407730200834
}