{
  "n": 10392,
  "correct": 4206,
  "invalid": 0,
  "invalid_rate": 0.0,
  "acc_all": 0.40473441108545033,
  "acc_valid_only": 0.40473441108545033
}