{
  "n": 10560,
  "correct": 8258,
  "invalid": 0,
  "invalid_rate": 0.0,
  "acc_all": 0.7820075757575757,
  "acc_valid_only": 0.7820075757575757
}