{
  "n": 10560,
  "correct": 6384,
  "invalid": 61,
  "invalid_rate": 0.005776515151515151,
  "acc_all": 0.6045454545454545,
  "acc_valid_only": 0.6080579102771693
}