{
  "n": 10560,
  "correct": 6421,
  "invalid": 45,
  "invalid_rate": 0.004261363636363636,
  "acc_all": 0.6080492424242424,
  "acc_valid_only": 0.6106514503090823
}