query_type,n,invalid,invalid_rate,acc_all,acc_valid_only
backadj,1600,0,0.0,0.80375,0.80375
marginal,1600,0,0.0,0.54125,0.54125
ate,1440,0,0.0,0.8305555555555556,0.8305555555555556
correlation,1440,0,0.0,0.6881944444444444,0.6881944444444444
det-counterfactual,1440,0,0.0,0.5222222222222223,0.5222222222222223
ett,1280,0,0.0,0.34921875,0.34921875
nie,800,0,0.0,0.5825,0.5825
nde,320,0,0.0,0.7375,0.7375
collider_bias,160,0,0.0,0.64375,0.64375
exp_away,160,0,0.0,0.93125,0.93125
