{
  "n": 10240,
  "correct": 6492,
  "invalid": 0,
  "invalid_rate": 0.0,
  "acc_all": 0.633984375,
  "acc_valid_only": 0.633984375
}