{
  "n": 10392,
  "correct": 8210,
  "invalid": 0,
  "invalid_rate": 0.0,
  "acc_all": 0.7900307929176289,
  "acc_valid_only": 0.7900307929176289
}