query_type,n,invalid,invalid_rate,acc_all,acc_valid_only
backadj,1600,0,0.0,0.79375,0.79375
marginal,1600,0,0.0,0.9075,0.9075
ate,1440,0,0.0,0.8666666666666667,0.8666666666666667
correlation,1440,0,0.0,0.7340277777777777,0.7340277777777777
det-counterfactual,1440,0,0.0,0.6465277777777778,0.6465277777777778
ett,1280,0,0.0,0.81171875,0.81171875
nie,800,0,0.0,0.72875,0.72875
nde,320,0,0.0,0.784375,0.784375
collider_bias,160,0,0.0,0.56875,0.56875
exp_away,160,0,0.0,0.9625,0.9625
