{
  "n": 10240,
  "correct": 8076,
  "invalid": 0,
  "invalid_rate": 0.0,
  "acc_all": 0.788671875,
  "acc_valid_only": 0.788671875
}