{
  "n": 10556,
  "correct": 7306,
  "invalid": 0,
  "invalid_rate": 0.0,
  "acc_all": 0.6921182266009852,
  "acc_valid_only": 0.6921182266009852
}