{
  "n": 10556,
  "correct": 7328,
  "invalid": 0,
  "invalid_rate": 0.0,
  "acc_all": 0.6942023493747632,
  "acc_valid_only": 0.6942023493747632
}