query_type,n,invalid,invalid_rate,acc_all,acc_valid_only
marginal,1644,0,0.0,0.5139902676399026,0.5139902676399026
correlation,1476,0,0.0,0.6043360433604336,0.6043360433604336
ate,1476,0,0.0,0.8794037940379403,0.8794037940379403
ett,1296,0,0.0,0.783179012345679,0.783179012345679
nie,828,0,0.0,0.7355072463768116,0.7355072463768116
nde,384,0,0.0,0.7838541666666666,0.7838541666666666
exp_away,168,0,0.0,0.8690476190476191,0.8690476190476191
