{
  "n": 7272,
  "correct": 5106,
  "invalid": 0,
  "invalid_rate": 0.0,
  "acc_all": 0.7021452145214522,
  "acc_valid_only": 0.7021452145214522
}