{
  "n": 10556,
  "correct": 8089,
  "invalid": 0,
  "invalid_rate": 0.0,
  "acc_all": 0.7662940507768093,
  "acc_valid_only": 0.7662940507768093
}