{
  "n": 10556,
  "correct": 5473,
  "invalid": 0,
  "invalid_rate": 0.0,
  "acc_all": 0.5184729064039408,
  "acc_valid_only": 0.5184729064039408
}