{
  "n": 10556,
  "correct": 5331,
  "invalid": 0,
  "invalid_rate": 0.0,
  "acc_all": 0.5050208412277378,
  "acc_valid_only": 0.5050208412277378
}