{
  "n": 10556,
  "correct": 6728,
  "invalid": 0,
  "invalid_rate": 0.0,
  "acc_all": 0.6373626373626373,
  "acc_valid_only": 0.6373626373626373
}