{
  "n": 10560,
  "correct": 5913,
  "invalid": 0,
  "invalid_rate": 0.0,
  "acc_all": 0.5599431818181818,
  "acc_valid_only": 0.5599431818181818
}