{
  "n": 10556,
  "correct": 5268,
  "invalid": 0,
  "invalid_rate": 0.0,
  "acc_all": 0.4990526714664646,
  "acc_valid_only": 0.4990526714664646
}