query_type,n,invalid,invalid_rate,acc_all,acc_valid_only
backadj,1600,0,0.0,0.501875,0.501875
marginal,1600,0,0.0,0.914375,0.914375
ate,1440,0,0.0,0.8861111111111111,0.8861111111111111
correlation,1440,0,0.0,0.6270833333333333,0.6270833333333333
det-counterfactual,1440,0,0.0,0.8993055555555556,0.8993055555555556
ett,1280,0,0.0,0.846875,0.846875
nie,800,0,0.0,0.70875,0.70875
nde,320,0,0.0,0.771875,0.771875
collider_bias,160,0,0.0,0.86875,0.86875
exp_away,160,0,0.0,0.6875,0.6875
