{
  "n": 10392,
  "correct": 6212,
  "invalid": 0,
  "invalid_rate": 0.0,
  "acc_all": 0.5977675134719015,
  "acc_valid_only": 0.5977675134719015
}