{
  "n": 10392,
  "correct": 6100,
  "invalid": 0,
  "invalid_rate": 0.0,
  "acc_all": 0.5869899923017706,
  "acc_valid_only": 0.5869899923017706
}