{
  "n": 10392,
  "correct": 5396,
  "invalid": 0,
  "invalid_rate": 0.0,
  "acc_all": 0.5192455735180909,
  "acc_valid_only": 0.5192455735180909
}