query_type,n,invalid,invalid_rate,acc_all,acc_valid_only
backadj,45,0,0.0,1.0,1.0
marginal,45,0,0.0,0.8222222222222222,0.8222222222222222
ate,39,0,0.0,1.0,1.0
correlation,39,0,0.0,0.8461538461538461,0.8461538461538461
det-counterfactual,39,0,0.0,0.8461538461538461,0.8461538461538461
ett,33,0,0.0,0.9090909090909091,0.9090909090909091
nie,23,0,0.0,0.9565217391304348,0.9565217391304348
nde,15,0,0.0,0.8,0.8
collider_bias,5,0,0.0,1.0,1.0
exp_away,5,0,0.0,1.0,1.0
