{
  "n": 10392,
  "correct": 7411,
  "invalid": 30,
  "invalid_rate": 0.002886836027713626,
  "acc_all": 0.713144726712856,
  "acc_valid_only": 0.715209419031075
}