query_type,n,invalid,invalid_rate,acc_all,acc_valid_only
backadj,1476,0,0.0,0.2967479674796748,0.2967479674796748
det-counterfactual,1476,2,0.0013550135501355014,0.255420054200542,0.25576662143826323
marginal,1476,0,0.0,0.9390243902439024,0.9390243902439024
ate,1475,13,0.008813559322033898,0.8752542372881356,0.8830369357045144
correlation,1475,0,0.0,0.9308474576271186,0.9308474576271186
ett,1295,14,0.010810810810810811,0.8262548262548263,0.8352849336455894
nie,827,117,0.1414752116082225,0.6686819830713422,0.7788732394366197
nde,384,72,0.1875,0.6145833333333334,0.7564102564102564
