{
  "n": 9884,
  "correct": 6724,
  "invalid": 218,
  "invalid_rate": 0.02205584783488466,
  "acc_all": 0.6802913800080939,
  "acc_valid_only": 0.6956341816677012
}