{
  "n": 10556,
  "correct": 6135,
  "invalid": 0,
  "invalid_rate": 0.0,
  "acc_all": 0.5811860553239864,
  "acc_valid_only": 0.5811860553239864
}