{
  "n": 10560,
  "correct": 5536,
  "invalid": 0,
  "invalid_rate": 0.0,
  "acc_all": 0.5242424242424243,
  "acc_valid_only": 0.5242424242424243
}