{
  "n": 10560,
  "correct": 8493,
  "invalid": 0,
  "invalid_rate": 0.0,
  "acc_all": 0.8042613636363637,
  "acc_valid_only": 0.8042613636363637
}