{
  "n": 10392,
  "correct": 8068,
  "invalid": 0,
  "invalid_rate": 0.0,
  "acc_all": 0.7763664357197845,
  "acc_valid_only": 0.7763664357197845
}