{
  "n": 10392,
  "correct": 7821,
  "invalid": 0,
  "invalid_rate": 0.0,
  "acc_all": 0.7525981524249422,
  "acc_valid_only": 0.7525981524249422
}