query_type,n,invalid,invalid_rate,acc_all,acc_valid_only
backadj,1600,0,0.0,0.520625,0.520625
marginal,1600,0,0.0,0.70625,0.70625
ate,1440,0,0.0,0.8409722222222222,0.8409722222222222
correlation,1440,0,0.0,0.4638888888888889,0.4638888888888889
det-counterfactual,1440,0,0.0,0.7472222222222222,0.7472222222222222
ett,1280,0,0.0,0.728125,0.728125
nie,800,0,0.0,0.5375,0.5375
nde,320,0,0.0,0.8,0.8
collider_bias,160,0,0.0,0.7875,0.7875
exp_away,160,0,0.0,0.8375,0.8375
