{
  "n": 10240,
  "correct": 6796,
  "invalid": 0,
  "invalid_rate": 0.0,
  "acc_all": 0.663671875,
  "acc_valid_only": 0.663671875
}