{
  "n": 10556,
  "correct": 7167,
  "invalid": 15,
  "invalid_rate": 0.0014209928003031452,
  "acc_all": 0.6789503599848428,
  "acc_valid_only": 0.679916516459539
}