{
  "n": 10556,
  "correct": 7756,
  "invalid": 0,
  "invalid_rate": 0.0,
  "acc_all": 0.7347480106100795,
  "acc_valid_only": 0.7347480106100795
}