{
  "n": 10556,
  "correct": 7073,
  "invalid": 0,
  "invalid_rate": 0.0,
  "acc_all": 0.6700454717696097,
  "acc_valid_only": 0.6700454717696097
}