{
  "n": 10392,
  "correct": 6396,
  "invalid": 0,
  "invalid_rate": 0.0,
  "acc_all": 0.6154734411085451,
  "acc_valid_only": 0.6154734411085451
}