query_type,n,invalid,invalid_rate,acc_all,acc_valid_only
backadj,1600,0,0.0,0.5,0.5
marginal,1600,0,0.0,0.5,0.5
ate,1440,0,0.0,0.5131944444444444,0.5131944444444444
correlation,1440,0,0.0,0.4979166666666667,0.4979166666666667
det-counterfactual,1440,0,0.0,0.5,0.5
ett,1280,0,0.0,0.49921875,0.49921875
nie,800,0,0.0,0.50625,0.50625
nde,320,0,0.0,0.559375,0.559375
collider_bias,160,0,0.0,0.5,0.5
exp_away,160,0,0.0,0.5,0.5
