{
  "n": 10240,
  "correct": 5160,
  "invalid": 0,
  "invalid_rate": 0.0,
  "acc_all": 0.50390625,
  "acc_valid_only": 0.50390625
}