{
  "n": 10240,
  "correct": 5159,
  "invalid": 0,
  "invalid_rate": 0.0,
  "acc_all": 0.50380859375,
  "acc_valid_only": 0.50380859375
}