query_type,n,invalid,invalid_rate,acc_all,acc_valid_only
ate,1518,0,0.0,0.9077733860342556,0.9077733860342556
backadj,1518,0,0.0,0.00922266139657444,0.00922266139657444
correlation,1518,0,0.0,0.642292490118577,0.642292490118577
marginal,1518,0,0.0,0.8491436100131752,0.8491436100131752
ett,1288,0,0.0,0.9487577639751553,0.9487577639751553
nie,874,0,0.0,0.5812356979405034,0.5812356979405034
det-counterfactual,870,0,0.0,0.06666666666666667,0.06666666666666667
nde,552,0,0.0,0.7898550724637681,0.7898550724637681
