{
  "n": 9656,
  "correct": 5880,
  "invalid": 0,
  "invalid_rate": 0.0,
  "acc_all": 0.6089478044739023,
  "acc_valid_only": 0.6089478044739023
}