query_type,n,invalid,invalid_rate,acc_all,acc_valid_only
backadj,1600,0,0.0,0.51,0.51
marginal,1600,0,0.0,0.82625,0.82625
ate,1440,0,0.0,0.84375,0.84375
correlation,1440,0,0.0,0.6381944444444444,0.6381944444444444
det-counterfactual,1440,0,0.0,0.8256944444444444,0.8256944444444444
ett,1280,0,0.0,0.80625,0.80625
nie,800,0,0.0,0.6775,0.6775
nde,320,0,0.0,0.7125,0.7125
collider_bias,160,0,0.0,0.91875,0.91875
exp_away,160,0,0.0,0.61875,0.61875
