{
  "n": 10240,
  "correct": 7509,
  "invalid": 0,
  "invalid_rate": 0.0,
  "acc_all": 0.73330078125,
  "acc_valid_only": 0.73330078125
}