{
  "n": 288,
  "correct": 181,
  "invalid": 0,
  "invalid_rate": 0.0,
  "acc_all": 0.6284722222222222,
  "acc_valid_only": 0.6284722222222222
}