query_type,n,invalid,invalid_rate,acc_all,acc_valid_only
backadj,1600,0,0.0,0.5,0.5
marginal,1600,0,0.0,0.5425,0.5425
ate,1440,0,0.0,0.5569444444444445,0.5569444444444445
correlation,1440,0,0.0,0.5159722222222223,0.5159722222222223
det-counterfactual,1440,0,0.0,0.5125,0.5125
ett,1280,0,0.0,0.49609375,0.49609375
nie,800,0,0.0,0.5125,0.5125
nde,320,0,0.0,0.503125,0.503125
collider_bias,160,0,0.0,0.51875,0.51875
exp_away,160,0,0.0,0.54375,0.54375
