{
  "n": 10240,
  "correct": 5327,
  "invalid": 0,
  "invalid_rate": 0.0,
  "acc_all": 0.52021484375,
  "acc_valid_only": 0.52021484375
}