{
  "n": 10392,
  "correct": 8652,
  "invalid": 0,
  "invalid_rate": 0.0,
  "acc_all": 0.8325635103926097,
  "acc_valid_only": 0.8325635103926097
}