{
  "n": 10556,
  "correct": 8107,
  "invalid": 0,
  "invalid_rate": 0.0,
  "acc_all": 0.7679992421371732,
  "acc_valid_only": 0.7679992421371732
}