query_type,n,invalid,invalid_rate,acc_all,acc_valid_only
backadj,1600,0,0.0,0.5,0.5
marginal,1600,0,0.0,0.586875,0.586875
ate,1440,0,0.0,0.8041666666666667,0.8041666666666667
correlation,1440,0,0.0,0.54375,0.54375
det-counterfactual,1440,0,0.0,0.5583333333333333,0.5583333333333333
ett,1280,0,0.0,0.5,0.5
nie,800,0,0.0,0.5025,0.5025
nde,320,0,0.0,0.65625,0.65625
collider_bias,160,0,0.0,0.5,0.5
exp_away,160,0,0.0,0.7875,0.7875
