{
  "n": 10240,
  "correct": 5942,
  "invalid": 0,
  "invalid_rate": 0.0,
  "acc_all": 0.5802734375,
  "acc_valid_only": 0.5802734375
}