{
  "n": 10560,
  "correct": 8313,
  "invalid": 95,
  "invalid_rate": 0.008996212121212122,
  "acc_all": 0.7872159090909091,
  "acc_valid_only": 0.7943621595795509
}