query_type,n,invalid,invalid_rate,acc_all,acc_valid_only
marginal,1644,0,0.0,0.5018248175182481,0.5018248175182481
correlation,1475,0,0.0,0.5261016949152543,0.5261016949152543
ate,1475,0,0.0,0.5938983050847457,0.5938983050847457
ett,1295,0,0.0,0.4694980694980695,0.4694980694980695
nie,827,0,0.0,0.5610640870616687,0.5610640870616687
nde,384,0,0.0,0.5286458333333334,0.5286458333333334
exp_away,168,0,0.0,0.6369047619047619,0.6369047619047619
