{
  "n": 7268,
  "correct": 3859,
  "invalid": 0,
  "invalid_rate": 0.0,
  "acc_all": 0.5309576224545954,
  "acc_valid_only": 0.5309576224545954
}