query_type,n,invalid,invalid_rate,acc_all,acc_valid_only
backadj,1600,0,0.0,0.51,0.51
marginal,1600,0,0.0,0.835625,0.835625
ate,1440,0,0.0,0.8451388888888889,0.8451388888888889
correlation,1440,0,0.0,0.6180555555555556,0.6180555555555556
det-counterfactual,1440,0,0.0,0.8458333333333333,0.8458333333333333
ett,1280,0,0.0,0.81015625,0.81015625
nie,800,0,0.0,0.68875,0.68875
nde,320,0,0.0,0.7,0.7
collider_bias,160,0,0.0,0.91875,0.91875
exp_away,160,0,0.0,0.61875,0.61875
