{
  "n": 10240,
  "correct": 7536,
  "invalid": 0,
  "invalid_rate": 0.0,
  "acc_all": 0.7359375,
  "acc_valid_only": 0.7359375
}