{
  "n": 10392,
  "correct": 6033,
  "invalid": 0,
  "invalid_rate": 0.0,
  "acc_all": 0.5805427251732102,
  "acc_valid_only": 0.5805427251732102
}