query_type,n,invalid,invalid_rate,acc_all,acc_valid_only
marginal,1644,0,0.0,0.49452554744525545,0.49452554744525545
correlation,1476,0,0.0,0.551490514905149,0.551490514905149
ate,1476,0,0.0,0.6510840108401084,0.6510840108401084
ett,1296,0,0.0,0.4729938271604938,0.4729938271604938
nie,828,0,0.0,0.6352657004830918,0.6352657004830918
nde,384,0,0.0,0.5520833333333334,0.5520833333333334
exp_away,168,0,0.0,0.5654761904761905,0.5654761904761905
