{
  "n": 7272,
  "correct": 4034,
  "invalid": 0,
  "invalid_rate": 0.0,
  "acc_all": 0.5547304730473047,
  "acc_valid_only": 0.5547304730473047
}