{
  "n": 10556,
  "correct": 6222,
  "invalid": 0,
  "invalid_rate": 0.0,
  "acc_all": 0.5894278135657446,
  "acc_valid_only": 0.5894278135657446
}