{
  "n": 10560,
  "correct": 7561,
  "invalid": 0,
  "invalid_rate": 0.0,
  "acc_all": 0.7160037878787879,
  "acc_valid_only": 0.7160037878787879
}