query_type,n,invalid,invalid_rate,acc_all,acc_valid_only
ate,8,0,0.0,0.375,0.375
backadj,8,0,0.0,0.375,0.375
ett,8,0,0.0,0.75,0.75
marginal,8,0,0.0,0.75,0.75
nie,7,0,0.0,0.7142857142857143,0.7142857142857143
correlation,6,0,0.0,0.8333333333333334,0.8333333333333334
nde,5,0,0.0,0.8,0.8
