{
  "n": 10392,
  "correct": 8716,
  "invalid": 0,
  "invalid_rate": 0.0,
  "acc_all": 0.8387220939183988,
  "acc_valid_only": 0.8387220939183988
}