{
  "n": 10560,
  "correct": 5455,
  "invalid": 0,
  "invalid_rate": 0.0,
  "acc_all": 0.5165719696969697,
  "acc_valid_only": 0.5165719696969697
}