{
  "n": 10556,
  "correct": 5311,
  "invalid": 0,
  "invalid_rate": 0.0,
  "acc_all": 0.5031261841606669,
  "acc_valid_only": 0.5031261841606669
}