{
  "n": 10392,
  "correct": 6492,
  "invalid": 0,
  "invalid_rate": 0.0,
  "acc_all": 0.6247113163972287,
  "acc_valid_only": 0.6247113163972287
}