{
  "n": 10392,
  "correct": 6444,
  "invalid": 0,
  "invalid_rate": 0.0,
  "acc_all": 0.6200923787528868,
  "acc_valid_only": 0.6200923787528868
}