{
  "n": 10556,
  "correct": 5236,
  "invalid": 0,
  "invalid_rate": 0.0,
  "acc_all": 0.4960212201591512,
  "acc_valid_only": 0.4960212201591512
}