{
  "n": 10392,
  "correct": 6786,
  "invalid": 0,
  "invalid_rate": 0.0,
  "acc_all": 0.6530023094688222,
  "acc_valid_only": 0.6530023094688222
}