{
  "n": 10556,
  "correct": 7132,
  "invalid": 0,
  "invalid_rate": 0.0,
  "acc_all": 0.6756347101174688,
  "acc_valid_only": 0.6756347101174688
}