{
  "n": 10556,
  "correct": 5894,
  "invalid": 0,
  "invalid_rate": 0.0,
  "acc_all": 0.5583554376657824,
  "acc_valid_only": 0.5583554376657824
}