query_type,n,invalid,invalid_rate,acc_all,acc_valid_only
marginal,1644,0,0.0,0.5602189781021898,0.5602189781021898
correlation,1475,0,0.0,0.6210169491525424,0.6210169491525424
ate,1475,0,0.0,0.8528813559322034,0.8528813559322034
ett,1295,0,0.0,0.8447876447876448,0.8447876447876448
nie,827,0,0.0,0.7073760580411125,0.7073760580411125
nde,384,0,0.0,0.625,0.625
exp_away,168,0,0.0,0.7559523809523809,0.7559523809523809
