{
  "n": 7268,
  "correct": 5141,
  "invalid": 0,
  "invalid_rate": 0.0,
  "acc_all": 0.707347275729224,
  "acc_valid_only": 0.707347275729224
}