query_type,n,invalid,invalid_rate,acc_all,acc_valid_only
backadj,1600,0,0.0,0.6,0.6
marginal,1600,0,0.0,0.915625,0.915625
ate,1440,0,0.0,0.8458333333333333,0.8458333333333333
correlation,1440,0,0.0,0.58125,0.58125
det-counterfactual,1440,0,0.0,0.8541666666666666,0.8541666666666666
ett,1280,0,0.0,0.8546875,0.8546875
nie,800,0,0.0,0.63875,0.63875
nde,320,0,0.0,0.746875,0.746875
collider_bias,160,0,0.0,0.90625,0.90625
exp_away,160,0,0.0,0.725,0.725
