{
  "n": 10240,
  "correct": 7815,
  "invalid": 0,
  "invalid_rate": 0.0,
  "acc_all": 0.76318359375,
  "acc_valid_only": 0.76318359375
}