query_type,n,invalid,invalid_rate,acc_all,acc_valid_only
backadj,45,0,0.0,1.0,1.0
marginal,45,0,0.0,0.8222222222222222,0.8222222222222222
ate,39,0,0.0,1.0,1.0
correlation,39,0,0.0,0.8974358974358975,0.8974358974358975
det-counterfactual,39,0,0.0,0.9230769230769231,0.9230769230769231
ett,33,0,0.0,1.0,1.0
nie,23,0,0.0,1.0,1.0
nde,15,0,0.0,0.7333333333333333,0.7333333333333333
collider_bias,5,0,0.0,1.0,1.0
exp_away,5,0,0.0,1.0,1.0
