query_type,n,invalid,invalid_rate,acc_all,acc_valid_only
backadj,1702,0,0.0,0.5,0.5
marginal,1702,0,0.0,0.5,0.5
ate,1518,0,0.0,0.5968379446640316,0.5968379446640316
correlation,1518,0,0.0,0.5019762845849802,0.5019762845849802
ett,1288,0,0.0,0.5,0.5
nie,874,0,0.0,0.5091533180778032,0.5091533180778032
det-counterfactual,870,0,0.0,0.5,0.5
nde,552,0,0.0,0.4927536231884058,0.4927536231884058
collider_bias,184,0,0.0,0.5,0.5
exp_away,184,0,0.0,0.358695652173913,0.358695652173913
