{
  "n": 10392,
  "correct": 5337,
  "invalid": 0,
  "invalid_rate": 0.0,
  "acc_all": 0.5135681293302541,
  "acc_valid_only": 0.5135681293302541
}