{
  "n": 10560,
  "correct": 5595,
  "invalid": 0,
  "invalid_rate": 0.0,
  "acc_all": 0.5298295454545454,
  "acc_valid_only": 0.5298295454545454
}