{
  "n": 10560,
  "correct": 5567,
  "invalid": 0,
  "invalid_rate": 0.0,
  "acc_all": 0.5271780303030303,
  "acc_valid_only": 0.5271780303030303
}