{
  "n": 10556,
  "correct": 6016,
  "invalid": 0,
  "invalid_rate": 0.0,
  "acc_all": 0.5699128457749147,
  "acc_valid_only": 0.5699128457749147
}