query_type,n,invalid,invalid_rate,acc_all,acc_valid_only
backadj,1702,0,0.0,0.9917743830787309,0.9917743830787309
marginal,1702,0,0.0,0.8730904817861339,0.8730904817861339
ate,1518,0,0.0,0.9486166007905138,0.9486166007905138
correlation,1518,0,0.0,0.8194993412384717,0.8194993412384717
ett,1288,0,0.0,0.9611801242236024,0.9611801242236024
nie,874,0,0.0,0.7551487414187643,0.7551487414187643
nde,552,0,0.0,0.7681159420289855,0.7681159420289855
collider_bias,184,0,0.0,1.0,1.0
exp_away,184,0,0.0,0.8858695652173914,0.8858695652173914
