{
  "n": 9522,
  "correct": 8527,
  "invalid": 0,
  "invalid_rate": 0.0,
  "acc_all": 0.8955051459777358,
  "acc_valid_only": 0.8955051459777358
}