{
  "n": 10560,
  "correct": 7385,
  "invalid": 0,
  "invalid_rate": 0.0,
  "acc_all": 0.6993371212121212,
  "acc_valid_only": 0.6993371212121212
}