{
  "n": 10240,
  "correct": 8090,
  "invalid": 162,
  "invalid_rate": 0.0158203125,
  "acc_all": 0.7900390625,
  "acc_valid_only": 0.8027386386187736
}