{
  "n": 2880,
  "correct": 1662,
  "invalid": 0,
  "invalid_rate": 0.0,
  "acc_all": 0.5770833333333333,
  "acc_valid_only": 0.5770833333333333
}