{
  "n": 10560,
  "correct": 5266,
  "invalid": 0,
  "invalid_rate": 0.0,
  "acc_all": 0.4986742424242424,
  "acc_valid_only": 0.4986742424242424
}