{
  "n": 10392,
  "correct": 8762,
  "invalid": 202,
  "invalid_rate": 0.019438029253271746,
  "acc_all": 0.8431485758275596,
  "acc_valid_only": 0.8598626104023552
}