{
  "n": 10392,
  "correct": 7680,
  "invalid": 33,
  "invalid_rate": 0.0031755196304849883,
  "acc_all": 0.7390300230946882,
  "acc_valid_only": 0.7413843035041993
}