{
  "n": 288,
  "correct": 264,
  "invalid": 0,
  "invalid_rate": 0.0,
  "acc_all": 0.9166666666666666,
  "acc_valid_only": 0.9166666666666666
}