query_type,n,invalid,invalid_rate,acc_all,acc_valid_only
backadj,1600,0,0.0,0.49875,0.49875
marginal,1600,0,0.0,0.5,0.5
ate,1440,0,0.0,0.50625,0.50625
correlation,1440,0,0.0,0.50625,0.50625
det-counterfactual,1440,0,0.0,0.49930555555555556,0.49930555555555556
ett,1280,0,0.0,0.49921875,0.49921875
nie,800,0,0.0,0.50875,0.50875
nde,320,0,0.0,0.5125,0.5125
collider_bias,160,0,0.0,0.5,0.5
exp_away,160,0,0.0,0.4875,0.4875
