{
  "n": 10560,
  "correct": 5217,
  "invalid": 11,
  "invalid_rate": 0.0010416666666666667,
  "acc_all": 0.4940340909090909,
  "acc_valid_only": 0.4945492463740639
}