query_type,n,invalid,invalid_rate,acc_all,acc_valid_only
backadj,45,0,0.0,1.0,1.0
marginal,45,0,0.0,0.8444444444444444,0.8444444444444444
ate,39,0,0.0,1.0,1.0
correlation,39,0,0.0,0.7692307692307693,0.7692307692307693
det-counterfactual,39,0,0.0,0.8974358974358975,0.8974358974358975
ett,33,0,0.0,1.0,1.0
nie,23,0,0.0,0.9565217391304348,0.9565217391304348
nde,15,0,0.0,0.6666666666666666,0.6666666666666666
collider_bias,5,0,0.0,1.0,1.0
exp_away,5,0,0.0,1.0,1.0
