{
  "n": 288,
  "correct": 262,
  "invalid": 0,
  "invalid_rate": 0.0,
  "acc_all": 0.9097222222222222,
  "acc_valid_only": 0.9097222222222222
}