{
  "n": 10556,
  "correct": 7720,
  "invalid": 0,
  "invalid_rate": 0.0,
  "acc_all": 0.7313376278893521,
  "acc_valid_only": 0.7313376278893521
}