{
  "n": 10392,
  "correct": 6014,
  "invalid": 0,
  "invalid_rate": 0.0,
  "acc_all": 0.5787143956889915,
  "acc_valid_only": 0.5787143956889915
}