query_type,n,invalid,invalid_rate,acc_all,acc_valid_only
backadj,1600,0,0.0,0.49875,0.49875
marginal,1600,0,0.0,0.499375,0.499375
ate,1440,0,0.0,0.5055555555555555,0.5055555555555555
correlation,1440,0,0.0,0.50625,0.50625
det-counterfactual,1440,0,0.0,0.49930555555555556,0.49930555555555556
ett,1280,0,0.0,0.4953125,0.4953125
nie,800,0,0.0,0.51,0.51
nde,320,0,0.0,0.490625,0.490625
collider_bias,160,0,0.0,0.5,0.5
exp_away,160,0,0.0,0.475,0.475
