{
  "n": 10560,
  "correct": 7218,
  "invalid": 10,
  "invalid_rate": 0.000946969696969697,
  "acc_all": 0.6835227272727272,
  "acc_valid_only": 0.6841706161137441
}