{
  "n": 2880,
  "correct": 1600,
  "invalid": 0,
  "invalid_rate": 0.0,
  "acc_all": 0.5555555555555556,
  "acc_valid_only": 0.5555555555555556
}