{
  "n": 288,
  "correct": 184,
  "invalid": 0,
  "invalid_rate": 0.0,
  "acc_all": 0.6388888888888888,
  "acc_valid_only": 0.6388888888888888
}