query_type,n,invalid,invalid_rate,acc_all,acc_valid_only
marginal,1600,0,0.0,0.548125,0.548125
correlation,1440,0,0.0,0.6368055555555555,0.6368055555555555
ate,1440,0,0.0,0.8555555555555555,0.8555555555555555
ett,1280,0,0.0,0.771875,0.771875
nie,800,0,0.0,0.70125,0.70125
nde,320,0,0.0,0.78125,0.78125
exp_away,160,0,0.0,0.925,0.925
