{
  "n": 10556,
  "correct": 6327,
  "invalid": 0,
  "invalid_rate": 0.0,
  "acc_all": 0.5993747631678666,
  "acc_valid_only": 0.5993747631678666
}