query_type,n,invalid,invalid_rate,acc_all,acc_valid_only
marginal,1702,0,0.0,0.5146886016451234,0.5146886016451234
correlation,1518,0,0.0,0.5994729907773386,0.5994729907773386
ate,1518,0,0.0,0.9321475625823452,0.9321475625823452
ett,1288,0,0.0,0.859472049689441,0.859472049689441
nie,874,0,0.0,0.7231121281464531,0.7231121281464531
nde,552,0,0.0,0.8170289855072463,0.8170289855072463
exp_away,184,0,0.0,0.9891304347826086,0.9891304347826086
