{
  "n": 7636,
  "correct": 5573,
  "invalid": 0,
  "invalid_rate": 0.0,
  "acc_all": 0.7298323729701415,
  "acc_valid_only": 0.7298323729701415
}