{
  "n": 496,
  "correct": 269,
  "invalid": 0,
  "invalid_rate": 0.0,
  "acc_all": 0.5423387096774194,
  "acc_valid_only": 0.5423387096774194
}