{
  "n": 10560,
  "correct": 8477,
  "invalid": 0,
  "invalid_rate": 0.0,
  "acc_all": 0.8027462121212121,
  "acc_valid_only": 0.8027462121212121
}