{
  "n": 10392,
  "correct": 6140,
  "invalid": 0,
  "invalid_rate": 0.0,
  "acc_all": 0.5908391070053888,
  "acc_valid_only": 0.5908391070053888
}