{
  "n": 10392,
  "correct": 8599,
  "invalid": 0,
  "invalid_rate": 0.0,
  "acc_all": 0.8274634334103156,
  "acc_valid_only": 0.8274634334103156
}