{
  "n": 10556,
  "correct": 8158,
  "invalid": 0,
  "invalid_rate": 0.0,
  "acc_all": 0.7728306176582038,
  "acc_valid_only": 0.7728306176582038
}