{
  "n": 10556,
  "correct": 5165,
  "invalid": 0,
  "invalid_rate": 0.0,
  "acc_all": 0.4892951875710496,
  "acc_valid_only": 0.4892951875710496
}