{
  "n": 10556,
  "correct": 6040,
  "invalid": 0,
  "invalid_rate": 0.0,
  "acc_all": 0.5721864342553997,
  "acc_valid_only": 0.5721864342553997
}