{
  "n": 10392,
  "correct": 7626,
  "invalid": 0,
  "invalid_rate": 0.0,
  "acc_all": 0.7338337182448037,
  "acc_valid_only": 0.7338337182448037
}