{
  "n": 10392,
  "correct": 7727,
  "invalid": 0,
  "invalid_rate": 0.0,
  "acc_all": 0.7435527328714395,
  "acc_valid_only": 0.7435527328714395
}