{
  "n": 10560,
  "correct": 8373,
  "invalid": 0,
  "invalid_rate": 0.0,
  "acc_all": 0.7928977272727272,
  "acc_valid_only": 0.7928977272727272
}