{
  "n": 10556,
  "correct": 8471,
  "invalid": 0,
  "invalid_rate": 0.0,
  "acc_all": 0.8024820007578628,
  "acc_valid_only": 0.8024820007578628
}