{
  "n": 10556,
  "correct": 7747,
  "invalid": 0,
  "invalid_rate": 0.0,
  "acc_all": 0.7338954149298977,
  "acc_valid_only": 0.7338954149298977
}