{
  "n": 10392,
  "correct": 7835,
  "invalid": 0,
  "invalid_rate": 0.0,
  "acc_all": 0.7539453425712086,
  "acc_valid_only": 0.7539453425712086
}