query_type,n,invalid,invalid_rate,acc_all,acc_valid_only
backadj,1600,0,0.0,0.61,0.61
marginal,1600,0,0.0,0.48625,0.48625
ate,1440,0,0.0,0.49722222222222223,0.49722222222222223
correlation,1440,0,0.0,0.4986111111111111,0.4986111111111111
det-counterfactual,1440,0,0.0,0.5131944444444444,0.5131944444444444
ett,1280,0,0.0,0.4765625,0.4765625
nie,800,0,0.0,0.505,0.505
nde,320,0,0.0,0.4625,0.4625
collider_bias,160,0,0.0,0.49375,0.49375
exp_away,160,0,0.0,0.4875,0.4875
