{
  "n": 10392,
  "correct": 5186,
  "invalid": 0,
  "invalid_rate": 0.0,
  "acc_all": 0.49903772132409546,
  "acc_valid_only": 0.49903772132409546
}