query_type,n,invalid,invalid_rate,acc_all,acc_valid_only
ate,1440,0,0.0,0.9097222222222222,0.9097222222222222
backadj,1440,0,0.0,0.1,0.1
correlation,1440,0,0.0,0.7333333333333333,0.7333333333333333
det-counterfactual,1440,0,0.0,0.07013888888888889,0.07013888888888889
marginal,1440,0,0.0,0.8979166666666667,0.8979166666666667
ett,1280,0,0.0,0.8578125,0.8578125
nie,800,0,0.0,0.72,0.72
nde,320,0,0.0,0.678125,0.678125
