query_type,n,invalid,invalid_rate,acc_all,acc_valid_only
backadj,1600,0,0.0,0.6,0.6
marginal,1600,0,0.0,0.90375,0.90375
ate,1440,0,0.0,0.8444444444444444,0.8444444444444444
correlation,1440,0,0.0,0.5805555555555556,0.5805555555555556
det-counterfactual,1440,0,0.0,0.8506944444444444,0.8506944444444444
ett,1280,0,0.0,0.8515625,0.8515625
nie,800,0,0.0,0.6,0.6
nde,320,0,0.0,0.728125,0.728125
collider_bias,160,0,0.0,0.88125,0.88125
exp_away,160,0,0.0,0.71875,0.71875
