{
  "n": 10240,
  "correct": 7742,
  "invalid": 0,
  "invalid_rate": 0.0,
  "acc_all": 0.7560546875,
  "acc_valid_only": 0.7560546875
}