{
  "n": 10392,
  "correct": 5193,
  "invalid": 0,
  "invalid_rate": 0.0,
  "acc_all": 0.49971131639722866,
  "acc_valid_only": 0.49971131639722866
}