{
  "n": 10392,
  "correct": 8039,
  "invalid": 44,
  "invalid_rate": 0.004234026173979984,
  "acc_all": 0.7735758275596613,
  "acc_valid_only": 0.7768650947042907
}