query_type,n,invalid,invalid_rate,acc_all,acc_valid_only
backadj,1600,0,0.0,0.9125,0.9125
marginal,1600,0,0.0,0.8175,0.8175
ate,1440,0,0.0,0.8472222222222222,0.8472222222222222
correlation,1440,0,0.0,0.6069444444444444,0.6069444444444444
det-counterfactual,1440,0,0.0,0.4701388888888889,0.4701388888888889
ett,1280,0,0.0,0.63125,0.63125
nie,800,0,0.0,0.655,0.655
nde,320,0,0.0,0.6875,0.6875
collider_bias,160,0,0.0,0.96875,0.96875
exp_away,160,0,0.0,0.6375,0.6375
