query_type,n,invalid,invalid_rate,acc_all,acc_valid_only
backadj,1600,0,0.0,0.913125,0.913125
marginal,1600,0,0.0,0.815625,0.815625
ate,1440,0,0.0,0.8479166666666667,0.8479166666666667
correlation,1440,0,0.0,0.60625,0.60625
det-counterfactual,1440,0,0.0,0.47152777777777777,0.47152777777777777
ett,1280,0,0.0,0.63046875,0.63046875
nie,800,0,0.0,0.65625,0.65625
nde,320,0,0.0,0.68125,0.68125
collider_bias,160,0,0.0,0.96875,0.96875
exp_away,160,0,0.0,0.63125,0.63125
