{
  "n": 10240,
  "correct": 7345,
  "invalid": 0,
  "invalid_rate": 0.0,
  "acc_all": 0.71728515625,
  "acc_valid_only": 0.71728515625
}