{
  "n": 10240,
  "correct": 7348,
  "invalid": 0,
  "invalid_rate": 0.0,
  "acc_all": 0.717578125,
  "acc_valid_only": 0.717578125
}