query_type,n,invalid,invalid_rate,acc_all,acc_valid_only
marginal,1644,0,0.0,0.4908759124087591,0.4908759124087591
correlation,1476,0,0.0,0.6219512195121951,0.6219512195121951
ate,1476,0,0.0,0.8062330623306233,0.8062330623306233
ett,1296,0,0.0,0.8541666666666666,0.8541666666666666
nie,828,0,0.0,0.7222222222222222,0.7222222222222222
nde,384,0,0.0,0.65625,0.65625
exp_away,168,0,0.0,0.6488095238095238,0.6488095238095238
