{
  "n": 7272,
  "correct": 4981,
  "invalid": 0,
  "invalid_rate": 0.0,
  "acc_all": 0.68495599559956,
  "acc_valid_only": 0.68495599559956
}