{
  "n": 496,
  "correct": 350,
  "invalid": 0,
  "invalid_rate": 0.0,
  "acc_all": 0.7056451612903226,
  "acc_valid_only": 0.7056451612903226
}