{
  "n": 10556,
  "correct": 5249,
  "invalid": 12,
  "invalid_rate": 0.0011367942402425162,
  "acc_all": 0.49725274725274726,
  "acc_valid_only": 0.4978186646433991
}