{
  "n": 10556,
  "correct": 8069,
  "invalid": 0,
  "invalid_rate": 0.0,
  "acc_all": 0.7643993937097385,
  "acc_valid_only": 0.7643993937097385
}