query_type,n,invalid,invalid_rate,acc_all,acc_valid_only
backadj,1600,1,0.000625,0.464375,0.4646654158849281
marginal,1600,0,0.0,0.505,0.505
ate,1440,0,0.0,0.5069444444444444,0.5069444444444444
correlation,1440,0,0.0,0.5076388888888889,0.5076388888888889
det-counterfactual,1440,0,0.0,0.4875,0.4875
ett,1280,0,0.0,0.4890625,0.4890625
nie,800,0,0.0,0.5,0.5
nde,320,0,0.0,0.503125,0.503125
collider_bias,160,6,0.0375,0.45625,0.474025974025974
exp_away,160,1,0.00625,0.4875,0.49056603773584906
