{
  "n": 10392,
  "correct": 5114,
  "invalid": 0,
  "invalid_rate": 0.0,
  "acc_all": 0.49210931485758275,
  "acc_valid_only": 0.49210931485758275
}