{
  "n": 10392,
  "correct": 8530,
  "invalid": 0,
  "invalid_rate": 0.0,
  "acc_all": 0.8208237105465743,
  "acc_valid_only": 0.8208237105465743
}