{
  "n": 10556,
  "correct": 8414,
  "invalid": 0,
  "invalid_rate": 0.0,
  "acc_all": 0.7970822281167109,
  "acc_valid_only": 0.7970822281167109
}