{
  "n": 10560,
  "correct": 8435,
  "invalid": 139,
  "invalid_rate": 0.013162878787878788,
  "acc_all": 0.7987689393939394,
  "acc_valid_only": 0.8094232799155552
}