{
  "n": 10560,
  "correct": 7189,
  "invalid": 0,
  "invalid_rate": 0.0,
  "acc_all": 0.6807765151515152,
  "acc_valid_only": 0.6807765151515152
}