{
  "n": 10392,
  "correct": 7263,
  "invalid": 0,
  "invalid_rate": 0.0,
  "acc_all": 0.6989030023094688,
  "acc_valid_only": 0.6989030023094688
}