query_type,n,invalid,invalid_rate,acc_all,acc_valid_only
backadj,1600,0,0.0,0.541875,0.541875
marginal,1600,0,0.0,0.560625,0.560625
ate,1440,0,0.0,0.6333333333333333,0.6333333333333333
correlation,1440,0,0.0,0.5305555555555556,0.5305555555555556
det-counterfactual,1440,0,0.0,0.4666666666666667,0.4666666666666667
ett,1280,0,0.0,0.48515625,0.48515625
nie,800,0,0.0,0.57125,0.57125
nde,320,0,0.0,0.5875,0.5875
collider_bias,160,0,0.0,0.5,0.5
exp_away,160,0,0.0,0.58125,0.58125
