{
  "n": 10392,
  "correct": 8638,
  "invalid": 0,
  "invalid_rate": 0.0,
  "acc_all": 0.8312163202463433,
  "acc_valid_only": 0.8312163202463433
}