{
  "n": 10560,
  "correct": 8438,
  "invalid": 51,
  "invalid_rate": 0.004829545454545454,
  "acc_all": 0.7990530303030303,
  "acc_valid_only": 0.8029308212008754
}