query_type,n,invalid,invalid_rate,acc_all,acc_valid_only
ate,1440,0,0.0,0.8798611111111111,0.8798611111111111
backadj,1440,0,0.0,0.08541666666666667,0.08541666666666667
correlation,1440,0,0.0,0.5555555555555556,0.5555555555555556
det-counterfactual,1440,0,0.0,0.1486111111111111,0.1486111111111111
marginal,1440,0,0.0,0.8569444444444444,0.8569444444444444
ett,1280,0,0.0,0.82265625,0.82265625
nie,800,0,0.0,0.6525,0.6525
nde,320,0,0.0,0.659375,0.659375
