{
  "n": 10392,
  "correct": 5347,
  "invalid": 0,
  "invalid_rate": 0.0,
  "acc_all": 0.5145304080061586,
  "acc_valid_only": 0.5145304080061586
}