{
  "n": 10556,
  "correct": 6648,
  "invalid": 0,
  "invalid_rate": 0.0,
  "acc_all": 0.629784009094354,
  "acc_valid_only": 0.629784009094354
}