{
  "n": 10392,
  "correct": 7569,
  "invalid": 0,
  "invalid_rate": 0.0,
  "acc_all": 0.7283487297921478,
  "acc_valid_only": 0.7283487297921478
}