{
  "n": 10560,
  "correct": 5219,
  "invalid": 0,
  "invalid_rate": 0.0,
  "acc_all": 0.49422348484848483,
  "acc_valid_only": 0.49422348484848483
}