{
  "n": 2880,
  "correct": 1654,
  "invalid": 0,
  "invalid_rate": 0.0,
  "acc_all": 0.5743055555555555,
  "acc_valid_only": 0.5743055555555555
}