query_type,n,invalid,invalid_rate,acc_all,acc_valid_only
backadj,1702,0,0.0,1.0,1.0
marginal,1702,0,0.0,0.8519388954171563,0.8519388954171563
ate,1518,0,0.0,0.9361001317523057,0.9361001317523057
correlation,1518,0,0.0,0.7154150197628458,0.7154150197628458
ett,1288,0,0.0,0.9495341614906833,0.9495341614906833
nie,874,0,0.0,0.7059496567505721,0.7059496567505721
nde,552,0,0.0,0.7463768115942029,0.7463768115942029
collider_bias,184,0,0.0,1.0,1.0
exp_away,184,0,0.0,0.8260869565217391,0.8260869565217391
