{
  "n": 9522,
  "correct": 8247,
  "invalid": 0,
  "invalid_rate": 0.0,
  "acc_all": 0.8660995589161941,
  "acc_valid_only": 0.8660995589161941
}