{
  "n": 10560,
  "correct": 7923,
  "invalid": 0,
  "invalid_rate": 0.0,
  "acc_all": 0.7502840909090909,
  "acc_valid_only": 0.7502840909090909
}