{
  "n": 10560,
  "correct": 7942,
  "invalid": 0,
  "invalid_rate": 0.0,
  "acc_all": 0.7520833333333333,
  "acc_valid_only": 0.7520833333333333
}