{
  "n": 10560,
  "correct": 6424,
  "invalid": 0,
  "invalid_rate": 0.0,
  "acc_all": 0.6083333333333333,
  "acc_valid_only": 0.6083333333333333
}