query_type,n,invalid,invalid_rate,acc_all,acc_valid_only
backadj,1600,0,0.0,0.47625,0.47625
marginal,1600,0,0.0,0.9175,0.9175
ate,1440,0,0.0,0.9041666666666667,0.9041666666666667
correlation,1440,0,0.0,0.7215277777777778,0.7215277777777778
det-counterfactual,1440,0,0.0,0.8069444444444445,0.8069444444444445
ett,1280,0,0.0,0.86484375,0.86484375
nie,800,0,0.0,0.53375,0.53375
nde,320,0,0.0,0.790625,0.790625
collider_bias,160,0,0.0,0.5,0.5
exp_away,160,0,0.0,0.96875,0.96875
