{
  "n": 10240,
  "correct": 7755,
  "invalid": 0,
  "invalid_rate": 0.0,
  "acc_all": 0.75732421875,
  "acc_valid_only": 0.75732421875
}