{
  "n": 10560,
  "correct": 9118,
  "invalid": 0,
  "invalid_rate": 0.0,
  "acc_all": 0.8634469696969697,
  "acc_valid_only": 0.8634469696969697
}