{
  "n": 10556,
  "correct": 7448,
  "invalid": 0,
  "invalid_rate": 0.0,
  "acc_all": 0.7055702917771883,
  "acc_valid_only": 0.7055702917771883
}