{
  "n": 10560,
  "correct": 5291,
  "invalid": 0,
  "invalid_rate": 0.0,
  "acc_all": 0.5010416666666667,
  "acc_valid_only": 0.5010416666666667
}