query_type,n,invalid,invalid_rate,acc_all,acc_valid_only
backadj,1600,0,0.0,0.6,0.6
marginal,1600,0,0.0,0.7875,0.7875
ate,1440,0,0.0,0.8722222222222222,0.8722222222222222
correlation,1440,0,0.0,0.6513888888888889,0.6513888888888889
det-counterfactual,1440,0,0.0,0.7277777777777777,0.7277777777777777
ett,1280,0,0.0,0.75703125,0.75703125
nie,800,0,0.0,0.62125,0.62125
nde,320,0,0.0,0.734375,0.734375
collider_bias,160,0,0.0,0.96875,0.96875
exp_away,160,0,0.0,0.75,0.75
