{
  "n": 10240,
  "correct": 7438,
  "invalid": 0,
  "invalid_rate": 0.0,
  "acc_all": 0.7263671875,
  "acc_valid_only": 0.7263671875
}