{
  "n": 288,
  "correct": 259,
  "invalid": 0,
  "invalid_rate": 0.0,
  "acc_all": 0.8993055555555556,
  "acc_valid_only": 0.8993055555555556
}