query_type,n,invalid,invalid_rate,acc_all,acc_valid_only
backadj,1600,0,0.0,0.92,0.92
marginal,1600,0,0.0,0.838125,0.838125
ate,1440,0,0.0,0.8173611111111111,0.8173611111111111
correlation,1440,0,0.0,0.7229166666666667,0.7229166666666667
det-counterfactual,1440,0,0.0,0.6222222222222222,0.6222222222222222
ett,1280,0,0.0,0.53828125,0.53828125
nie,800,0,0.0,0.5675,0.5675
nde,320,0,0.0,0.653125,0.653125
collider_bias,160,0,0.0,1.0,1.0
exp_away,160,0,0.0,0.75625,0.75625
