query_type,n,invalid,invalid_rate,acc_all,acc_valid_only
backadj,1600,0,0.0,0.92,0.92
marginal,1600,0,0.0,0.83625,0.83625
ate,1440,0,0.0,0.81875,0.81875
correlation,1440,0,0.0,0.7256944444444444,0.7256944444444444
det-counterfactual,1440,0,0.0,0.6201388888888889,0.6201388888888889
ett,1280,0,0.0,0.53828125,0.53828125
nie,800,0,0.0,0.57375,0.57375
nde,320,0,0.0,0.653125,0.653125
collider_bias,160,0,0.0,1.0,1.0
exp_away,160,0,0.0,0.74375,0.74375
