{
  "n": 10240,
  "correct": 7563,
  "invalid": 0,
  "invalid_rate": 0.0,
  "acc_all": 0.73857421875,
  "acc_valid_only": 0.73857421875
}