{
  "n": 10556,
  "correct": 6898,
  "invalid": 0,
  "invalid_rate": 0.0,
  "acc_all": 0.6534672224327397,
  "acc_valid_only": 0.6534672224327397
}