{
  "n": 10556,
  "correct": 8198,
  "invalid": 0,
  "invalid_rate": 0.0,
  "acc_all": 0.7766199317923456,
  "acc_valid_only": 0.7766199317923456
}