{
  "n": 10556,
  "correct": 9043,
  "invalid": 0,
  "invalid_rate": 0.0,
  "acc_all": 0.8566691928760894,
  "acc_valid_only": 0.8566691928760894
}