query_type,n,invalid,invalid_rate,acc_all,acc_valid_only
marginal,1644,0,0.0,0.5006082725060828,0.5006082725060828
correlation,1476,0,0.0,0.5765582655826558,0.5765582655826558
ate,1476,0,0.0,0.9105691056910569,0.9105691056910569
ett,1296,0,0.0,0.8387345679012346,0.8387345679012346
nie,828,0,0.0,0.7657004830917874,0.7657004830917874
nde,384,0,0.0,0.8151041666666666,0.8151041666666666
exp_away,168,0,0.0,0.9702380952380952,0.9702380952380952
