{
  "n": 7272,
  "correct": 5215,
  "invalid": 0,
  "invalid_rate": 0.0,
  "acc_all": 0.7171342134213421,
  "acc_valid_only": 0.7171342134213421
}