query_type,n,invalid,invalid_rate,acc_all,acc_valid_only
backadj,1600,0,0.0,0.58,0.58
marginal,1600,0,0.0,0.906875,0.906875
ate,1440,0,0.0,0.8875,0.8875
correlation,1440,0,0.0,0.6618055555555555,0.6618055555555555
det-counterfactual,1440,0,0.0,0.9159722222222222,0.9159722222222222
ett,1280,0,0.0,0.8515625,0.8515625
nie,800,0,0.0,0.715,0.715
nde,320,0,0.0,0.784375,0.784375
collider_bias,160,0,0.0,0.925,0.925
exp_away,160,0,0.0,0.6625,0.6625
