{
  "n": 10240,
  "correct": 8096,
  "invalid": 0,
  "invalid_rate": 0.0,
  "acc_all": 0.790625,
  "acc_valid_only": 0.790625
}