query_type,n,invalid,invalid_rate,acc_all,acc_valid_only
ate,1476,0,0.0,0.8807588075880759,0.8807588075880759
backadj,1476,0,0.0,0.07317073170731707,0.07317073170731707
correlation,1476,0,0.0,0.6869918699186992,0.6869918699186992
det-counterfactual,1476,0,0.0,0.06300813008130081,0.06300813008130081
marginal,1476,0,0.0,0.9058265582655827,0.9058265582655827
ett,1296,0,0.0,0.8395061728395061,0.8395061728395061
nie,828,0,0.0,0.7137681159420289,0.7137681159420289
nde,384,0,0.0,0.6041666666666666,0.6041666666666666
