{
  "n": 9888,
  "correct": 5763,
  "invalid": 0,
  "invalid_rate": 0.0,
  "acc_all": 0.5828276699029126,
  "acc_valid_only": 0.5828276699029126
}