query_type,n,invalid,invalid_rate,acc_all,acc_valid_only
backadj,1600,0,0.0,0.92125,0.92125
marginal,1600,0,0.0,0.5025,0.5025
ate,1440,0,0.0,0.5083333333333333,0.5083333333333333
correlation,1440,0,0.0,0.5,0.5
det-counterfactual,1440,0,0.0,0.5090277777777777,0.5090277777777777
ett,1280,0,0.0,0.50234375,0.50234375
nie,800,0,0.0,0.5,0.5
nde,320,0,0.0,0.5,0.5
collider_bias,160,0,0.0,0.5,0.5
exp_away,160,0,0.0,0.4875,0.4875
