{
  "n": 10392,
  "correct": 6884,
  "invalid": 0,
  "invalid_rate": 0.0,
  "acc_all": 0.6624326404926867,
  "acc_valid_only": 0.6624326404926867
}