{
  "n": 10560,
  "correct": 8680,
  "invalid": 0,
  "invalid_rate": 0.0,
  "acc_all": 0.821969696969697,
  "acc_valid_only": 0.821969696969697
}