{
  "n": 10556,
  "correct": 7988,
  "invalid": 0,
  "invalid_rate": 0.0,
  "acc_all": 0.7567260325881016,
  "acc_valid_only": 0.7567260325881016
}