{
  "n": 10240,
  "correct": 6129,
  "invalid": 186,
  "invalid_rate": 0.0181640625,
  "acc_all": 0.59853515625,
  "acc_valid_only": 0.6096081161726676
}