{
  "n": 10240,
  "correct": 6128,
  "invalid": 157,
  "invalid_rate": 0.01533203125,
  "acc_all": 0.5984375,
  "acc_valid_only": 0.6077556282852326
}