{
  "n": 10240,
  "correct": 5957,
  "invalid": 127,
  "invalid_rate": 0.01240234375,
  "acc_all": 0.58173828125,
  "acc_valid_only": 0.5890438050034609
}