{
  "n": 10392,
  "correct": 7593,
  "invalid": 0,
  "invalid_rate": 0.0,
  "acc_all": 0.7306581986143187,
  "acc_valid_only": 0.7306581986143187
}