{
  "n": 10392,
  "correct": 8732,
  "invalid": 0,
  "invalid_rate": 0.0,
  "acc_all": 0.8402617397998461,
  "acc_valid_only": 0.8402617397998461
}