{
  "n": 10392,
  "correct": 7767,
  "invalid": 0,
  "invalid_rate": 0.0,
  "acc_all": 0.7474018475750578,
  "acc_valid_only": 0.7474018475750578
}