{
  "n": 496,
  "correct": 300,
  "invalid": 0,
  "invalid_rate": 0.0,
  "acc_all": 0.6048387096774194,
  "acc_valid_only": 0.6048387096774194
}