{
  "n": 10392,
  "correct": 8711,
  "invalid": 0,
  "invalid_rate": 0.0,
  "acc_all": 0.8382409545804465,
  "acc_valid_only": 0.8382409545804465
}