query_type,n,invalid,invalid_rate,acc_all,acc_valid_only
marginal,1644,0,0.0,0.5346715328467153,0.5346715328467153
correlation,1475,0,0.0,0.5884745762711865,0.5884745762711865
ate,1475,0,0.0,0.8833898305084745,0.8833898305084745
ett,1295,0,0.0,0.8548262548262548,0.8548262548262548
nie,827,0,0.0,0.7327690447400241,0.7327690447400241
nde,384,0,0.0,0.796875,0.796875
exp_away,168,0,0.0,1.0,1.0
