{
  "n": 7268,
  "correct": 5237,
  "invalid": 0,
  "invalid_rate": 0.0,
  "acc_all": 0.7205558613098514,
  "acc_valid_only": 0.7205558613098514
}