{
  "n": 288,
  "correct": 223,
  "invalid": 0,
  "invalid_rate": 0.0,
  "acc_all": 0.7743055555555556,
  "acc_valid_only": 0.7743055555555556
}