query_type,n,invalid,invalid_rate,acc_all,acc_valid_only
marginal,1600,0,0.0,0.505,0.505
correlation,1440,0,0.0,0.5326388888888889,0.5326388888888889
ate,1440,0,0.0,0.58125,0.58125
ett,1280,0,0.0,0.4953125,0.4953125
nie,800,0,0.0,0.57625,0.57625
nde,320,0,0.0,0.528125,0.528125
exp_away,160,0,0.0,0.6625,0.6625
