{
  "n": 7040,
  "correct": 3782,
  "invalid": 0,
  "invalid_rate": 0.0,
  "acc_all": 0.5372159090909091,
  "acc_valid_only": 0.5372159090909091
}