{
  "n": 10392,
  "correct": 6099,
  "invalid": 0,
  "invalid_rate": 0.0,
  "acc_all": 0.5868937644341802,
  "acc_valid_only": 0.5868937644341802
}