{
  "n": 10556,
  "correct": 5956,
  "invalid": 0,
  "invalid_rate": 0.0,
  "acc_all": 0.5642288745737022,
  "acc_valid_only": 0.5642288745737022
}