{
  "n": 10240,
  "correct": 6094,
  "invalid": 66,
  "invalid_rate": 0.0064453125,
  "acc_all": 0.5951171875,
  "acc_valid_only": 0.5989777865146452
}