{
  "n": 10240,
  "correct": 6110,
  "invalid": 58,
  "invalid_rate": 0.0056640625,
  "acc_all": 0.5966796875,
  "acc_valid_only": 0.6000785700255352
}