query_type,n,invalid,invalid_rate,acc_all,acc_valid_only
backadj,1600,0,0.0,0.55,0.55
marginal,1600,0,0.0,0.72125,0.72125
ate,1440,0,0.0,0.8340277777777778,0.8340277777777778
correlation,1440,0,0.0,0.5666666666666667,0.5666666666666667
det-counterfactual,1440,0,0.0,0.6368055555555555,0.6368055555555555
ett,1280,0,0.0,0.75078125,0.75078125
nie,800,0,0.0,0.65,0.65
nde,320,0,0.0,0.6875,0.6875
collider_bias,160,0,0.0,0.94375,0.94375
exp_away,160,0,0.0,0.625,0.625
