{
  "n": 10240,
  "correct": 6920,
  "invalid": 0,
  "invalid_rate": 0.0,
  "acc_all": 0.67578125,
  "acc_valid_only": 0.67578125
}