{
  "n": 10556,
  "correct": 6268,
  "invalid": 71,
  "invalid_rate": 0.006726032588101553,
  "acc_all": 0.5937855248200076,
  "acc_valid_only": 0.5978063900810682
}