{
  "n": 10556,
  "correct": 6259,
  "invalid": 56,
  "invalid_rate": 0.005305039787798408,
  "acc_all": 0.5929329291398256,
  "acc_valid_only": 0.5960952380952381
}