{
  "n": 10556,
  "correct": 5248,
  "invalid": 0,
  "invalid_rate": 0.0,
  "acc_all": 0.4971580143993937,
  "acc_valid_only": 0.4971580143993937
}