{
  "n": 10556,
  "correct": 8213,
  "invalid": 47,
  "invalid_rate": 0.0044524441076165214,
  "acc_all": 0.7780409245926487,
  "acc_valid_only": 0.7815206013892854
}