{
  "n": 10392,
  "correct": 7782,
  "invalid": 0,
  "invalid_rate": 0.0,
  "acc_all": 0.7488452655889145,
  "acc_valid_only": 0.7488452655889145
}