{
  "n": 10556,
  "correct": 5943,
  "invalid": 0,
  "invalid_rate": 0.0,
  "acc_all": 0.5629973474801061,
  "acc_valid_only": 0.5629973474801061
}