query_type,n,invalid,invalid_rate,acc_all,acc_valid_only
backadj,1600,0,0.0,0.5,0.5
marginal,1600,0,0.0,0.58125,0.58125
ate,1440,0,0.0,0.8395833333333333,0.8395833333333333
correlation,1440,0,0.0,0.6006944444444444,0.6006944444444444
det-counterfactual,1440,0,0.0,0.5527777777777778,0.5527777777777778
ett,1280,0,0.0,0.534375,0.534375
nie,800,0,0.0,0.66875,0.66875
nde,320,0,0.0,0.6,0.6
collider_bias,160,0,0.0,0.88125,0.88125
exp_away,160,0,0.0,0.675,0.675
