{
  "n": 10560,
  "correct": 5340,
  "invalid": 0,
  "invalid_rate": 0.0,
  "acc_all": 0.5056818181818182,
  "acc_valid_only": 0.5056818181818182
}