{
  "n": 10560,
  "correct": 7913,
  "invalid": 0,
  "invalid_rate": 0.0,
  "acc_all": 0.7493371212121213,
  "acc_valid_only": 0.7493371212121213
}