{
  "n": 10556,
  "correct": 5972,
  "invalid": 0,
  "invalid_rate": 0.0,
  "acc_all": 0.5657446002273588,
  "acc_valid_only": 0.5657446002273588
}