{
  "n": 10556,
  "correct": 6100,
  "invalid": 0,
  "invalid_rate": 0.0,
  "acc_all": 0.5778704054566124,
  "acc_valid_only": 0.5778704054566124
}