{
  "n": 10560,
  "correct": 5914,
  "invalid": 0,
  "invalid_rate": 0.0,
  "acc_all": 0.5600378787878788,
  "acc_valid_only": 0.5600378787878788
}