{
  "n": 10556,
  "correct": 8249,
  "invalid": 0,
  "invalid_rate": 0.0,
  "acc_all": 0.7814513073133763,
  "acc_valid_only": 0.7814513073133763
}