{
  "n": 10556,
  "correct": 5473,
  "invalid": 5,
  "invalid_rate": 0.00047366426676771507,
  "acc_all": 0.5184729064039408,
  "acc_valid_only": 0.5187186048715762
}