{
  "n": 10556,
  "correct": 5260,
  "invalid": 0,
  "invalid_rate": 0.0,
  "acc_all": 0.4982948086396362,
  "acc_valid_only": 0.4982948086396362
}