query_type,n,invalid,invalid_rate,acc_all,acc_valid_only
backadj,1600,0,0.0,0.5,0.5
marginal,1600,0,0.0,0.605,0.605
ate,1440,0,0.0,0.7576388888888889,0.7576388888888889
correlation,1440,0,0.0,0.5034722222222222,0.5034722222222222
det-counterfactual,1440,0,0.0,0.6152777777777778,0.6152777777777778
ett,1280,0,0.0,0.4984375,0.4984375
nie,800,0,0.0,0.58875,0.58875
nde,320,0,0.0,0.65,0.65
collider_bias,160,0,0.0,0.5,0.5
exp_away,160,0,0.0,0.74375,0.74375
