{
  "n": 10240,
  "correct": 5986,
  "invalid": 0,
  "invalid_rate": 0.0,
  "acc_all": 0.5845703125,
  "acc_valid_only": 0.5845703125
}