{
  "n": 10560,
  "correct": 8317,
  "invalid": 46,
  "invalid_rate": 0.004356060606060606,
  "acc_all": 0.787594696969697,
  "acc_valid_only": 0.7910405174053643
}