{
  "n": 10560,
  "correct": 8742,
  "invalid": 163,
  "invalid_rate": 0.015435606060606061,
  "acc_all": 0.8278409090909091,
  "acc_valid_only": 0.8408194671539867
}