{
  "n": 10392,
  "correct": 5366,
  "invalid": 0,
  "invalid_rate": 0.0,
  "acc_all": 0.5163587374903772,
  "acc_valid_only": 0.5163587374903772
}