{
  "n": 10560,
  "correct": 5658,
  "invalid": 0,
  "invalid_rate": 0.0,
  "acc_all": 0.5357954545454545,
  "acc_valid_only": 0.5357954545454545
}