query_type,n,invalid,invalid_rate,acc_all,acc_valid_only
backadj,1644,0,0.0,0.5,0.5
marginal,1644,0,0.0,0.5,0.5
ate,1476,0,0.0,0.5528455284552846,0.5528455284552846
correlation,1476,0,0.0,0.5176151761517616,0.5176151761517616
det-counterfactual,1476,0,0.0,0.5,0.5
ett,1296,0,0.0,0.4984567901234568,0.4984567901234568
nie,828,0,0.0,0.5144927536231884,0.5144927536231884
nde,384,0,0.0,0.6015625,0.6015625
collider_bias,168,0,0.0,0.5,0.5
exp_away,168,0,0.0,0.44047619047619047,0.44047619047619047
