{
  "n": 10392,
  "correct": 9237,
  "invalid": 0,
  "invalid_rate": 0.0,
  "acc_all": 0.8888568129330254,
  "acc_valid_only": 0.8888568129330254
}