{
  "n": 10392,
  "correct": 7327,
  "invalid": 0,
  "invalid_rate": 0.0,
  "acc_all": 0.7050615858352579,
  "acc_valid_only": 0.7050615858352579
}