{
  "n": 10560,
  "correct": 8813,
  "invalid": 0,
  "invalid_rate": 0.0,
  "acc_all": 0.834564393939394,
  "acc_valid_only": 0.834564393939394
}