query_type,n,invalid,invalid_rate,acc_all,acc_valid_only
ate,1440,0,0.0,0.7805555555555556,0.7805555555555556
backadj,1440,0,0.0,0.5,0.5
correlation,1440,0,0.0,0.6159722222222223,0.6159722222222223
det-counterfactual,1440,0,0.0,0.41875,0.41875
marginal,1440,0,0.0,0.6618055555555555,0.6618055555555555
ett,1280,0,0.0,0.45234375,0.45234375
nie,800,0,0.0,0.61,0.61
nde,320,0,0.0,0.60625,0.60625
