{
  "n": 9600,
  "correct": 5548,
  "invalid": 0,
  "invalid_rate": 0.0,
  "acc_all": 0.5779166666666666,
  "acc_valid_only": 0.5779166666666666
}