{
  "n": 10560,
  "correct": 6150,
  "invalid": 0,
  "invalid_rate": 0.0,
  "acc_all": 0.5823863636363636,
  "acc_valid_only": 0.5823863636363636
}