query_type,n,invalid,invalid_rate,acc_all,acc_valid_only
marginal,1702,0,0.0,0.46650998824911866,0.46650998824911866
correlation,1518,0,0.0,0.6745718050065876,0.6745718050065876
ate,1518,0,0.0,0.8965744400527009,0.8965744400527009
ett,1288,0,0.0,0.9153726708074534,0.9153726708074534
nie,874,0,0.0,0.7334096109839817,0.7334096109839817
nde,552,0,0.0,0.6268115942028986,0.6268115942028986
exp_away,184,0,0.0,0.8097826086956522,0.8097826086956522
