{
  "n": 7636,
  "correct": 5494,
  "invalid": 0,
  "invalid_rate": 0.0,
  "acc_all": 0.7194866422210582,
  "acc_valid_only": 0.7194866422210582
}