{
  "n": 10392,
  "correct": 9354,
  "invalid": 0,
  "invalid_rate": 0.0,
  "acc_all": 0.9001154734411085,
  "acc_valid_only": 0.9001154734411085
}