query_type,n,invalid,invalid_rate,acc_all,acc_valid_only
backadj,1600,0,0.0,0.9075,0.9075
marginal,1600,0,0.0,0.834375,0.834375
ate,1440,0,0.0,0.8229166666666666,0.8229166666666666
correlation,1440,0,0.0,0.7451388888888889,0.7451388888888889
det-counterfactual,1440,0,0.0,0.6111111111111112,0.6111111111111112
ett,1280,0,0.0,0.609375,0.609375
nie,800,0,0.0,0.55,0.55
nde,320,0,0.0,0.6125,0.6125
collider_bias,160,0,0.0,1.0,1.0
exp_away,160,0,0.0,0.74375,0.74375
