query_type,n,invalid,invalid_rate,acc_all,acc_valid_only
backadj,1600,0,0.0,0.9075,0.9075
marginal,1600,0,0.0,0.835,0.835
ate,1440,0,0.0,0.8215277777777777,0.8215277777777777
correlation,1440,0,0.0,0.7458333333333333,0.7458333333333333
det-counterfactual,1440,0,0.0,0.6111111111111112,0.6111111111111112
ett,1280,0,0.0,0.6109375,0.6109375
nie,800,0,0.0,0.54375,0.54375
nde,320,0,0.0,0.6125,0.6125
collider_bias,160,0,0.0,1.0,1.0
exp_away,160,0,0.0,0.74375,0.74375
