{
  "n": 10240,
  "correct": 7617,
  "invalid": 0,
  "invalid_rate": 0.0,
  "acc_all": 0.74384765625,
  "acc_valid_only": 0.74384765625
}