{
  "n": 10240,
  "correct": 7620,
  "invalid": 0,
  "invalid_rate": 0.0,
  "acc_all": 0.744140625,
  "acc_valid_only": 0.744140625
}