query_type,n,invalid,invalid_rate,acc_all,acc_valid_only
backadj,1702,0,0.0,0.7784958871915394,0.7784958871915394
marginal,1702,0,0.0,0.9400705052878966,0.9400705052878966
ate,1518,1,0.0006587615283267457,0.9169960474308301,0.9176005273566249
correlation,1518,0,0.0,0.9374176548089591,0.9374176548089591
ett,1288,3,0.002329192546583851,0.797360248447205,0.7992217898832685
nie,874,42,0.04805491990846682,0.7459954233409611,0.7836538461538461
nde,552,42,0.07608695652173914,0.7318840579710145,0.792156862745098
collider_bias,184,0,0.0,0.5108695652173914,0.5108695652173914
exp_away,184,0,0.0,0.9782608695652174,0.9782608695652174
