{
  "n": 9522,
  "correct": 8097,
  "invalid": 88,
  "invalid_rate": 0.00924175593362739,
  "acc_all": 0.850346565847511,
  "acc_valid_only": 0.8582785668857325
}