{
  "n": 10560,
  "correct": 5424,
  "invalid": 0,
  "invalid_rate": 0.0,
  "acc_all": 0.5136363636363637,
  "acc_valid_only": 0.5136363636363637
}