{
  "n": 10392,
  "correct": 7807,
  "invalid": 0,
  "invalid_rate": 0.0,
  "acc_all": 0.7512509622786759,
  "acc_valid_only": 0.7512509622786759
}