{
  "n": 2880,
  "correct": 1733,
  "invalid": 0,
  "invalid_rate": 0.0,
  "acc_all": 0.6017361111111111,
  "acc_valid_only": 0.6017361111111111
}