{
  "n": 10556,
  "correct": 7786,
  "invalid": 0,
  "invalid_rate": 0.0,
  "acc_all": 0.7375899962106859,
  "acc_valid_only": 0.7375899962106859
}