{
  "n": 10556,
  "correct": 5503,
  "invalid": 0,
  "invalid_rate": 0.0,
  "acc_all": 0.5213148920045472,
  "acc_valid_only": 0.5213148920045472
}