{
  "n": 10392,
  "correct": 5745,
  "invalid": 0,
  "invalid_rate": 0.0,
  "acc_all": 0.5528290993071594,
  "acc_valid_only": 0.5528290993071594
}