{
  "n": 10392,
  "correct": 7437,
  "invalid": 0,
  "invalid_rate": 0.0,
  "acc_all": 0.7156466512702079,
  "acc_valid_only": 0.7156466512702079
}