{
  "n": 10392,
  "correct": 7469,
  "invalid": 0,
  "invalid_rate": 0.0,
  "acc_all": 0.7187259430331023,
  "acc_valid_only": 0.7187259430331023
}