{
  "n": 10556,
  "correct": 7015,
  "invalid": 0,
  "invalid_rate": 0.0,
  "acc_all": 0.6645509662751042,
  "acc_valid_only": 0.6645509662751042
}