query_type,n,invalid,invalid_rate,acc_all,acc_valid_only
backadj,1600,0,0.0,0.49,0.49
marginal,1600,0,0.0,0.5825,0.5825
ate,1440,0,0.0,0.81875,0.81875
correlation,1440,0,0.0,0.6090277777777777,0.6090277777777777
det-counterfactual,1440,0,0.0,0.5833333333333334,0.5833333333333334
ett,1280,0,0.0,0.48671875,0.48671875
nie,800,0,0.0,0.51625,0.51625
nde,320,0,0.0,0.684375,0.684375
collider_bias,160,0,0.0,0.5,0.5
exp_away,160,0,0.0,0.7,0.7
