{
  "n": 10240,
  "correct": 6059,
  "invalid": 0,
  "invalid_rate": 0.0,
  "acc_all": 0.59169921875,
  "acc_valid_only": 0.59169921875
}