{
  "n": 10392,
  "correct": 5257,
  "invalid": 0,
  "invalid_rate": 0.0,
  "acc_all": 0.5058698999230177,
  "acc_valid_only": 0.5058698999230177
}