query_type,n,invalid,invalid_rate,acc_all,acc_valid_only
backadj,1600,0,0.0,0.8,0.8
marginal,1600,0,0.0,0.97,0.97
ate,1440,0,0.0,0.9152777777777777,0.9152777777777777
correlation,1440,0,0.0,0.9458333333333333,0.9458333333333333
det-counterfactual,1440,0,0.0,0.73125,0.73125
ett,1280,0,0.0,0.89375,0.89375
nie,800,0,0.0,0.76375,0.76375
nde,320,0,0.0,0.809375,0.809375
collider_bias,160,0,0.0,0.51875,0.51875
exp_away,160,0,0.0,0.9875,0.9875
