{
  "n": 10240,
  "correct": 8820,
  "invalid": 0,
  "invalid_rate": 0.0,
  "acc_all": 0.861328125,
  "acc_valid_only": 0.861328125
}