query_type,n,invalid,invalid_rate,acc_all,acc_valid_only
backadj,1600,0,0.0,0.48875,0.48875
marginal,1600,0,0.0,0.500625,0.500625
ate,1440,0,0.0,0.5,0.5
correlation,1440,0,0.0,0.5055555555555555,0.5055555555555555
det-counterfactual,1440,0,0.0,0.5020833333333333,0.5020833333333333
ett,1280,0,0.0,0.503125,0.503125
nie,800,0,0.0,0.505,0.505
nde,320,0,0.0,0.471875,0.471875
collider_bias,160,0,0.0,0.5,0.5
exp_away,160,0,0.0,0.5125,0.5125
