query_type,n,invalid,invalid_rate,acc_all,acc_valid_only
backadj,1600,0,0.0,0.9275,0.9275
marginal,1600,0,0.0,0.84375,0.84375
ate,1440,0,0.0,0.8506944444444444,0.8506944444444444
correlation,1440,0,0.0,0.5333333333333333,0.5333333333333333
det-counterfactual,1440,0,0.0,0.8722222222222222,0.8722222222222222
ett,1280,0,0.0,0.81015625,0.81015625
nie,800,0,0.0,0.6775,0.6775
nde,320,0,0.0,0.715625,0.715625
collider_bias,160,0,0.0,0.95,0.95
exp_away,160,0,0.0,0.65625,0.65625
