query_type,n,invalid,invalid_rate,acc_all,acc_valid_only
backadj,1600,0,0.0,0.565625,0.565625
marginal,1600,0,0.0,0.833125,0.833125
ate,1440,0,0.0,0.8472222222222222,0.8472222222222222
correlation,1440,0,0.0,0.5791666666666667,0.5791666666666667
det-counterfactual,1440,0,0.0,0.8486111111111111,0.8486111111111111
ett,1280,0,0.0,0.80703125,0.80703125
nie,800,0,0.0,0.68375,0.68375
nde,320,0,0.0,0.66875,0.66875
collider_bias,160,0,0.0,0.91875,0.91875
exp_away,160,0,0.0,0.60625,0.60625
