{
  "n": 10392,
  "correct": 6015,
  "invalid": 0,
  "invalid_rate": 0.0,
  "acc_all": 0.578810623556582,
  "acc_valid_only": 0.578810623556582
}