{
  "n": 10392,
  "correct": 5296,
  "invalid": 0,
  "invalid_rate": 0.0,
  "acc_all": 0.5096227867590454,
  "acc_valid_only": 0.5096227867590454
}