{
  "n": 10392,
  "correct": 5225,
  "invalid": 0,
  "invalid_rate": 0.0,
  "acc_all": 0.5027906081601232,
  "acc_valid_only": 0.5027906081601232
}