query_type,n,invalid,invalid_rate,acc_all,acc_valid_only
marginal,1600,0,0.0,0.4975,0.4975
correlation,1440,0,0.0,0.5055555555555555,0.5055555555555555
ate,1440,0,0.0,0.7375,0.7375
ett,1280,0,0.0,0.8375,0.8375
nie,800,0,0.0,0.64375,0.64375
nde,320,0,0.0,0.578125,0.578125
exp_away,160,0,0.0,0.68125,0.68125
