{
  "n": 7040,
  "correct": 4467,
  "invalid": 0,
  "invalid_rate": 0.0,
  "acc_all": 0.6345170454545455,
  "acc_valid_only": 0.6345170454545455
}