{
  "n": 10392,
  "correct": 8531,
  "invalid": 0,
  "invalid_rate": 0.0,
  "acc_all": 0.8209199384141648,
  "acc_valid_only": 0.8209199384141648
}