{
  "n": 10556,
  "correct": 6529,
  "invalid": 0,
  "invalid_rate": 0.0,
  "acc_all": 0.6185107995452823,
  "acc_valid_only": 0.6185107995452823
}