{
  "n": 10556,
  "correct": 7691,
  "invalid": 0,
  "invalid_rate": 0.0,
  "acc_all": 0.7285903751420992,
  "acc_valid_only": 0.7285903751420992
}