query_type,n,invalid,invalid_rate,acc_all,acc_valid_only
backadj,1644,0,0.0,0.5,0.5
marginal,1644,0,0.0,0.5,0.5
ate,1476,0,0.0,0.5433604336043361,0.5433604336043361
correlation,1476,0,0.0,0.5,0.5
det-counterfactual,1476,0,0.0,0.5487804878048781,0.5487804878048781
ett,1296,0,0.0,0.5,0.5
nie,828,0,0.0,0.5519323671497585,0.5519323671497585
nde,384,0,0.0,0.5208333333333334,0.5208333333333334
collider_bias,168,0,0.0,0.5,0.5
exp_away,168,0,0.0,0.5892857142857143,0.5892857142857143
