{
  "n": 10392,
  "correct": 7921,
  "invalid": 0,
  "invalid_rate": 0.0,
  "acc_all": 0.7622209391839877,
  "acc_valid_only": 0.7622209391839877
}