{
  "n": 10392,
  "correct": 6666,
  "invalid": 0,
  "invalid_rate": 0.0,
  "acc_all": 0.6414549653579676,
  "acc_valid_only": 0.6414549653579676
}