{
  "n": 10556,
  "correct": 5294,
  "invalid": 5,
  "invalid_rate": 0.00047366426676771507,
  "acc_all": 0.5015157256536567,
  "acc_valid_only": 0.5017533883044262
}