query_type,n,invalid,invalid_rate,acc_all,acc_valid_only
backadj,45,0,0.0,1.0,1.0
marginal,45,0,0.0,0.8222222222222222,0.8222222222222222
ate,39,0,0.0,1.0,1.0
correlation,39,0,0.0,0.9487179487179487,0.9487179487179487
det-counterfactual,39,0,0.0,0.7948717948717948,0.7948717948717948
ett,33,0,0.0,0.9393939393939394,0.9393939393939394
nie,23,0,0.0,0.9130434782608695,0.9130434782608695
nde,15,0,0.0,0.8,0.8
collider_bias,5,0,0.0,1.0,1.0
exp_away,5,0,0.0,1.0,1.0
