{
  "n": 288,
  "correct": 263,
  "invalid": 0,
  "invalid_rate": 0.0,
  "acc_all": 0.9131944444444444,
  "acc_valid_only": 0.9131944444444444
}