{
  "n": 10560,
  "correct": 8299,
  "invalid": 0,
  "invalid_rate": 0.0,
  "acc_all": 0.7858901515151515,
  "acc_valid_only": 0.7858901515151515
}