{
  "n": 10392,
  "correct": 5275,
  "invalid": 0,
  "invalid_rate": 0.0,
  "acc_all": 0.5076020015396459,
  "acc_valid_only": 0.5076020015396459
}