{
  "n": 10392,
  "correct": 8895,
  "invalid": 0,
  "invalid_rate": 0.0,
  "acc_all": 0.85594688221709,
  "acc_valid_only": 0.85594688221709
}