{
  "n": 10392,
  "correct": 5422,
  "invalid": 0,
  "invalid_rate": 0.0,
  "acc_all": 0.5217474980754426,
  "acc_valid_only": 0.5217474980754426
}