query_type,n,invalid,invalid_rate,acc_all,acc_valid_only
ate,1476,13,0.008807588075880758,0.8902439024390244,0.8981544771018455
backadj,1476,0,0.0,0.2953929539295393,0.2953929539295393
correlation,1476,0,0.0,0.9518970189701897,0.9518970189701897
det-counterfactual,1476,4,0.0027100271002710027,0.23983739837398374,0.24048913043478262
marginal,1476,0,0.0,0.9525745257452575,0.9525745257452575
ett,1296,14,0.010802469135802469,0.7901234567901234,0.7987519500780031
nie,828,106,0.1280193236714976,0.6980676328502415,0.8005540166204986
nde,384,72,0.1875,0.6328125,0.7788461538461539
