{
  "n": 9888,
  "correct": 6760,
  "invalid": 209,
  "invalid_rate": 0.02113673139158576,
  "acc_all": 0.6836569579288025,
  "acc_valid_only": 0.6984192581878294
}