{
  "n": 10556,
  "correct": 5410,
  "invalid": 0,
  "invalid_rate": 0.0,
  "acc_all": 0.5125047366426677,
  "acc_valid_only": 0.5125047366426677
}