{
  "n": 10556,
  "correct": 5412,
  "invalid": 0,
  "invalid_rate": 0.0,
  "acc_all": 0.5126942023493748,
  "acc_valid_only": 0.5126942023493748
}