{
  "n": 10392,
  "correct": 5191,
  "invalid": 0,
  "invalid_rate": 0.0,
  "acc_all": 0.4995188606620477,
  "acc_valid_only": 0.4995188606620477
}