query_type,n,invalid,invalid_rate,acc_all,acc_valid_only
backadj,1600,0,0.0,0.5,0.5
marginal,1600,0,0.0,0.605625,0.605625
ate,1440,0,0.0,0.7583333333333333,0.7583333333333333
correlation,1440,0,0.0,0.5027777777777778,0.5027777777777778
det-counterfactual,1440,0,0.0,0.6173611111111111,0.6173611111111111
ett,1280,0,0.0,0.496875,0.496875
nie,800,0,0.0,0.58875,0.58875
nde,320,0,0.0,0.659375,0.659375
collider_bias,160,0,0.0,0.5,0.5
exp_away,160,0,0.0,0.74375,0.74375
