{
  "n": 10556,
  "correct": 7996,
  "invalid": 0,
  "invalid_rate": 0.0,
  "acc_all": 0.7574838954149299,
  "acc_valid_only": 0.7574838954149299
}