query_type,n,invalid,invalid_rate,acc_all,acc_valid_only
backadj,1600,0,0.0,0.865,0.865
marginal,1600,0,0.0,0.800625,0.800625
ate,1440,0,0.0,0.8527777777777777,0.8527777777777777
correlation,1440,0,0.0,0.5895833333333333,0.5895833333333333
det-counterfactual,1440,0,0.0,0.5090277777777777,0.5090277777777777
ett,1280,0,0.0,0.571875,0.571875
nie,800,0,0.0,0.65125,0.65125
nde,320,0,0.0,0.7,0.7
collider_bias,160,0,0.0,0.95625,0.95625
exp_away,160,0,0.0,0.68125,0.68125
