query_type,n,invalid,invalid_rate,acc_all,acc_valid_only
backadj,1600,0,0.0,0.865,0.865
marginal,1600,0,0.0,0.801875,0.801875
ate,1440,0,0.0,0.8527777777777777,0.8527777777777777
correlation,1440,0,0.0,0.5909722222222222,0.5909722222222222
det-counterfactual,1440,0,0.0,0.5083333333333333,0.5083333333333333
ett,1280,0,0.0,0.57265625,0.57265625
nie,800,0,0.0,0.65125,0.65125
nde,320,0,0.0,0.69375,0.69375
collider_bias,160,0,0.0,0.95625,0.95625
exp_away,160,0,0.0,0.6875,0.6875
