{
  "n": 10392,
  "correct": 6830,
  "invalid": 0,
  "invalid_rate": 0.0,
  "acc_all": 0.6572363356428021,
  "acc_valid_only": 0.6572363356428021
}