{
  "n": 10556,
  "correct": 7986,
  "invalid": 0,
  "invalid_rate": 0.0,
  "acc_all": 0.7565365668813945,
  "acc_valid_only": 0.7565365668813945
}