{
  "n": 10556,
  "correct": 6951,
  "invalid": 0,
  "invalid_rate": 0.0,
  "acc_all": 0.6584880636604774,
  "acc_valid_only": 0.6584880636604774
}