query_type,n,invalid,invalid_rate,acc_all,acc_valid_only
marginal,1702,0,0.0,0.48296122209165687,0.48296122209165687
correlation,1518,0,0.0,0.5434782608695652,0.5434782608695652
ate,1518,0,0.0,0.7806324110671937,0.7806324110671937
ett,1288,0,0.0,0.3718944099378882,0.3718944099378882
nie,874,0,0.0,0.5434782608695652,0.5434782608695652
nde,552,0,0.0,0.5307971014492754,0.5307971014492754
exp_away,184,0,0.0,0.5054347826086957,0.5054347826086957
