{
  "n": 7636,
  "correct": 4172,
  "invalid": 0,
  "invalid_rate": 0.0,
  "acc_all": 0.5463593504452593,
  "acc_valid_only": 0.5463593504452593
}