{
  "n": 10392,
  "correct": 5187,
  "invalid": 0,
  "invalid_rate": 0.0,
  "acc_all": 0.4991339491916859,
  "acc_valid_only": 0.4991339491916859
}