{
  "n": 10560,
  "correct": 6423,
  "invalid": 0,
  "invalid_rate": 0.0,
  "acc_all": 0.6082386363636364,
  "acc_valid_only": 0.6082386363636364
}