{
  "n": 10556,
  "correct": 8275,
  "invalid": 52,
  "invalid_rate": 0.0049261083743842365,
  "acc_all": 0.7839143615005684,
  "acc_valid_only": 0.7877951256664127
}