{
  "n": 10560,
  "correct": 5580,
  "invalid": 0,
  "invalid_rate": 0.0,
  "acc_all": 0.5284090909090909,
  "acc_valid_only": 0.5284090909090909
}