{
  "n": 10556,
  "correct": 7317,
  "invalid": 0,
  "invalid_rate": 0.0,
  "acc_all": 0.6931602879878742,
  "acc_valid_only": 0.6931602879878742
}