{
  "n": 10556,
  "correct": 5282,
  "invalid": 0,
  "invalid_rate": 0.0,
  "acc_all": 0.5003789314134142,
  "acc_valid_only": 0.5003789314134142
}