{
  "n": 10560,
  "correct": 7878,
  "invalid": 0,
  "invalid_rate": 0.0,
  "acc_all": 0.7460227272727272,
  "acc_valid_only": 0.7460227272727272
}