query_type,n,invalid,invalid_rate,acc_all,acc_valid_only
ate,1440,0,0.0,0.9381944444444444,0.9381944444444444
backadj,1440,0,0.0,0.22152777777777777,0.22152777777777777
correlation,1440,0,0.0,0.9138888888888889,0.9138888888888889
det-counterfactual,1440,0,0.0,0.25416666666666665,0.25416666666666665
marginal,1440,0,0.0,0.9854166666666667,0.9854166666666667
ett,1280,0,0.0,0.90546875,0.90546875
nie,800,0,0.0,0.79125,0.79125
nde,320,0,0.0,0.79375,0.79375
