{
  "n": 9600,
  "correct": 6817,
  "invalid": 0,
  "invalid_rate": 0.0,
  "acc_all": 0.7101041666666666,
  "acc_valid_only": 0.7101041666666666
}