{
  "n": 10556,
  "correct": 5520,
  "invalid": 0,
  "invalid_rate": 0.0,
  "acc_all": 0.5229253505115574,
  "acc_valid_only": 0.5229253505115574
}