query_type,n,invalid,invalid_rate,acc_all,acc_valid_only
backadj,1600,0,0.0,0.92125,0.92125
marginal,1600,0,0.0,0.4775,0.4775
ate,1440,0,0.0,0.4798611111111111,0.4798611111111111
correlation,1440,0,0.0,0.4930555555555556,0.4930555555555556
det-counterfactual,1440,0,0.0,0.5104166666666666,0.5104166666666666
ett,1280,0,0.0,0.4703125,0.4703125
nie,800,0,0.0,0.495,0.495
nde,320,0,0.0,0.49375,0.49375
collider_bias,160,0,0.0,0.5,0.5
exp_away,160,0,0.0,0.46875,0.46875
