{
  "n": 10560,
  "correct": 4029,
  "invalid": 0,
  "invalid_rate": 0.0,
  "acc_all": 0.3815340909090909,
  "acc_valid_only": 0.3815340909090909
}