{
  "n": 10392,
  "correct": 6410,
  "invalid": 0,
  "invalid_rate": 0.0,
  "acc_all": 0.6168206312548113,
  "acc_valid_only": 0.6168206312548113
}