{
  "n": 10560,
  "correct": 6288,
  "invalid": 105,
  "invalid_rate": 0.009943181818181818,
  "acc_all": 0.5954545454545455,
  "acc_valid_only": 0.6014347202295552
}