{
  "n": 10560,
  "correct": 6307,
  "invalid": 79,
  "invalid_rate": 0.007481060606060606,
  "acc_all": 0.5972537878787879,
  "acc_valid_only": 0.6017555576757943
}