{
  "n": 10560,
  "correct": 8663,
  "invalid": 0,
  "invalid_rate": 0.0,
  "acc_all": 0.8203598484848484,
  "acc_valid_only": 0.8203598484848484
}