query_type,n,invalid,invalid_rate,acc_all,acc_valid_only
backadj,1600,0,0.0,0.51375,0.51375
marginal,1600,0,0.0,0.589375,0.589375
ate,1440,0,0.0,0.7972222222222223,0.7972222222222223
correlation,1440,0,0.0,0.5034722222222222,0.5034722222222222
det-counterfactual,1440,0,0.0,0.5055555555555555,0.5055555555555555
ett,1280,0,0.0,0.7015625,0.7015625
nie,800,0,0.0,0.61125,0.61125
nde,320,0,0.0,0.584375,0.584375
collider_bias,160,0,0.0,0.55625,0.55625
exp_away,160,0,0.0,0.59375,0.59375
