{
  "n": 10240,
  "correct": 6124,
  "invalid": 0,
  "invalid_rate": 0.0,
  "acc_all": 0.598046875,
  "acc_valid_only": 0.598046875
}