{
  "n": 10392,
  "correct": 7906,
  "invalid": 0,
  "invalid_rate": 0.0,
  "acc_all": 0.7607775211701309,
  "acc_valid_only": 0.7607775211701309
}