{
  "n": 2880,
  "correct": 1693,
  "invalid": 0,
  "invalid_rate": 0.0,
  "acc_all": 0.5878472222222222,
  "acc_valid_only": 0.5878472222222222
}