{
  "n": 10392,
  "correct": 6132,
  "invalid": 0,
  "invalid_rate": 0.0,
  "acc_all": 0.5900692840646651,
  "acc_valid_only": 0.5900692840646651
}