{
  "n": 10556,
  "correct": 5656,
  "invalid": 0,
  "invalid_rate": 0.0,
  "acc_all": 0.5358090185676393,
  "acc_valid_only": 0.5358090185676393
}