query_type,n,invalid,invalid_rate,acc_all,acc_valid_only
backadj,1600,0,0.0,0.784375,0.784375
marginal,1600,0,0.0,0.645625,0.645625
ate,1440,0,0.0,0.8520833333333333,0.8520833333333333
correlation,1440,0,0.0,0.6763888888888889,0.6763888888888889
det-counterfactual,1440,0,0.0,0.5652777777777778,0.5652777777777778
ett,1280,0,0.0,0.3046875,0.3046875
nie,800,0,0.0,0.65125,0.65125
nde,320,0,0.0,0.65625,0.65625
collider_bias,160,0,0.0,0.56875,0.56875
exp_away,160,0,0.0,0.95625,0.95625
