query_type,n,invalid,invalid_rate,acc_all,acc_valid_only
marginal,1644,0,0.0,0.5535279805352799,0.5535279805352799
correlation,1475,0,0.0,0.6006779661016949,0.6006779661016949
ate,1475,0,0.0,0.8616949152542372,0.8616949152542372
ett,1295,0,0.0,0.7552123552123552,0.7552123552123552
nie,827,0,0.0,0.7073760580411125,0.7073760580411125
nde,384,0,0.0,0.78125,0.78125
exp_away,168,0,0.0,0.9345238095238095,0.9345238095238095
