{
  "n": 7268,
  "correct": 5087,
  "invalid": 0,
  "invalid_rate": 0.0,
  "acc_all": 0.6999174463401211,
  "acc_valid_only": 0.6999174463401211
}