{
  "n": 10556,
  "correct": 5841,
  "invalid": 0,
  "invalid_rate": 0.0,
  "acc_all": 0.5533345964380447,
  "acc_valid_only": 0.5533345964380447
}