{
  "n": 10556,
  "correct": 5335,
  "invalid": 0,
  "invalid_rate": 0.0,
  "acc_all": 0.505399772641152,
  "acc_valid_only": 0.505399772641152
}