query_type,n,invalid,invalid_rate,acc_all,acc_valid_only
backadj,1600,0,0.0,0.5,0.5
marginal,1600,0,0.0,0.5,0.5
ate,1440,0,0.0,0.5625,0.5625
correlation,1440,0,0.0,0.4979166666666667,0.4979166666666667
det-counterfactual,1440,0,0.0,0.5013888888888889,0.5013888888888889
ett,1280,0,0.0,0.41875,0.41875
nie,800,0,0.0,0.5275,0.5275
nde,320,0,0.0,0.58125,0.58125
collider_bias,160,0,0.0,0.5,0.5
exp_away,160,0,0.0,0.5,0.5
