query_type,n,invalid,invalid_rate,acc_all,acc_valid_only
backadj,1600,0,0.0,0.5,0.5
marginal,1600,0,0.0,0.5,0.5
ate,1440,0,0.0,0.5625,0.5625
correlation,1440,0,0.0,0.49930555555555556,0.49930555555555556
det-counterfactual,1440,0,0.0,0.5013888888888889,0.5013888888888889
ett,1280,0,0.0,0.42109375,0.42109375
nie,800,0,0.0,0.5275,0.5275
nde,320,0,0.0,0.584375,0.584375
collider_bias,160,0,0.0,0.5,0.5
exp_away,160,0,0.0,0.50625,0.50625
