{
  "n": 10392,
  "correct": 6046,
  "invalid": 0,
  "invalid_rate": 0.0,
  "acc_all": 0.5817936874518861,
  "acc_valid_only": 0.5817936874518861
}