{
  "n": 10392,
  "correct": 5658,
  "invalid": 0,
  "invalid_rate": 0.0,
  "acc_all": 0.5444572748267898,
  "acc_valid_only": 0.5444572748267898
}