{
  "n": 10556,
  "correct": 3970,
  "invalid": 0,
  "invalid_rate": 0.0,
  "acc_all": 0.37608942781356575,
  "acc_valid_only": 0.37608942781356575
}