{
  "n": 10560,
  "correct": 4465,
  "invalid": 3718,
  "invalid_rate": 0.35208333333333336,
  "acc_all": 0.4228219696969697,
  "acc_valid_only": 0.652586962876352
}