{
  "n": 10560,
  "correct": 7081,
  "invalid": 0,
  "invalid_rate": 0.0,
  "acc_all": 0.6705492424242424,
  "acc_valid_only": 0.6705492424242424
}