{
  "n": 10556,
  "correct": 7004,
  "invalid": 0,
  "invalid_rate": 0.0,
  "acc_all": 0.6635089048882152,
  "acc_valid_only": 0.6635089048882152
}