{
  "n": 10560,
  "correct": 8175,
  "invalid": 0,
  "invalid_rate": 0.0,
  "acc_all": 0.7741477272727273,
  "acc_valid_only": 0.7741477272727273
}