{
  "n": 10392,
  "correct": 7914,
  "invalid": 0,
  "invalid_rate": 0.0,
  "acc_all": 0.7615473441108545,
  "acc_valid_only": 0.7615473441108545
}