{
  "n": 10392,
  "correct": 7581,
  "invalid": 0,
  "invalid_rate": 0.0,
  "acc_all": 0.7295034642032333,
  "acc_valid_only": 0.7295034642032333
}