query_type,n,invalid,invalid_rate,acc_all,acc_valid_only
marginal,1644,0,0.0,0.5079075425790754,0.5079075425790754
correlation,1476,0,0.0,0.5995934959349594,0.5995934959349594
ate,1476,0,0.0,0.7777777777777778,0.7777777777777778
ett,1296,0,0.0,0.5995370370370371,0.5995370370370371
nie,828,0,0.0,0.7101449275362319,0.7101449275362319
nde,384,0,0.0,0.640625,0.640625
exp_away,168,0,0.0,0.625,0.625
