{
  "n": 7272,
  "correct": 4584,
  "invalid": 0,
  "invalid_rate": 0.0,
  "acc_all": 0.6303630363036303,
  "acc_valid_only": 0.6303630363036303
}