{
  "n": 10556,
  "correct": 6129,
  "invalid": 97,
  "invalid_rate": 0.009189086775293672,
  "acc_all": 0.5806176582038651,
  "acc_valid_only": 0.5860024858973133
}