{
  "n": 10556,
  "correct": 6166,
  "invalid": 77,
  "invalid_rate": 0.007294429708222812,
  "acc_all": 0.5841227737779462,
  "acc_valid_only": 0.5884149250882718
}