{
  "n": 10556,
  "correct": 6287,
  "invalid": 0,
  "invalid_rate": 0.0,
  "acc_all": 0.5955854490337249,
  "acc_valid_only": 0.5955854490337249
}