query_type,n,invalid,invalid_rate,acc_all,acc_valid_only
marginal,1600,0,0.0,0.506875,0.506875
correlation,1440,0,0.0,0.5277777777777778,0.5277777777777778
ate,1440,0,0.0,0.58125,0.58125
ett,1280,0,0.0,0.49453125,0.49453125
nie,800,0,0.0,0.5775,0.5775
nde,320,0,0.0,0.53125,0.53125
exp_away,160,0,0.0,0.65,0.65
