{
  "n": 7040,
  "correct": 3777,
  "invalid": 0,
  "invalid_rate": 0.0,
  "acc_all": 0.5365056818181818,
  "acc_valid_only": 0.5365056818181818
}