{
  "n": 10392,
  "correct": 5129,
  "invalid": 7,
  "invalid_rate": 0.0006735950731331793,
  "acc_all": 0.4935527328714396,
  "acc_valid_only": 0.4938854116514203
}