{
  "n": 10556,
  "correct": 6119,
  "invalid": 0,
  "invalid_rate": 0.0,
  "acc_all": 0.5796703296703297,
  "acc_valid_only": 0.5796703296703297
}