{
  "n": 496,
  "correct": 388,
  "invalid": 0,
  "invalid_rate": 0.0,
  "acc_all": 0.782258064516129,
  "acc_valid_only": 0.782258064516129
}