{
  "n": 10392,
  "correct": 8400,
  "invalid": 0,
  "invalid_rate": 0.0,
  "acc_all": 0.8083140877598153,
  "acc_valid_only": 0.8083140877598153
}