query_type,n,invalid,invalid_rate,acc_all,acc_valid_only
backadj,1600,0,0.0,0.775625,0.775625
marginal,1600,0,0.0,0.546875,0.546875
ate,1440,0,0.0,0.8194444444444444,0.8194444444444444
correlation,1440,0,0.0,0.6909722222222222,0.6909722222222222
det-counterfactual,1440,0,0.0,0.5708333333333333,0.5708333333333333
ett,1280,0,0.0,0.2078125,0.2078125
nie,800,0,0.0,0.5725,0.5725
nde,320,0,0.0,0.75,0.75
collider_bias,160,0,0.0,0.65,0.65
exp_away,160,0,0.0,0.91875,0.91875
