{
  "n": 10240,
  "correct": 6328,
  "invalid": 0,
  "invalid_rate": 0.0,
  "acc_all": 0.61796875,
  "acc_valid_only": 0.61796875
}