{
  "n": 10556,
  "correct": 5704,
  "invalid": 0,
  "invalid_rate": 0.0,
  "acc_all": 0.5403561955286094,
  "acc_valid_only": 0.5403561955286094
}