query_type,n,invalid,invalid_rate,acc_all,acc_valid_only
marginal,1600,0,0.0,0.4825,0.4825
correlation,1440,0,0.0,0.4625,0.4625
ate,1440,0,0.0,0.7270833333333333,0.7270833333333333
ett,1280,0,0.0,0.54375,0.54375
nie,800,0,0.0,0.615,0.615
nde,320,0,0.0,0.546875,0.546875
exp_away,160,0,0.0,0.55625,0.55625
