query_type,n,invalid,invalid_rate,acc_all,acc_valid_only
backadj,1600,0,0.0,0.61125,0.61125
marginal,1600,0,0.0,0.504375,0.504375
ate,1440,0,0.0,0.4979166666666667,0.4979166666666667
correlation,1440,0,0.0,0.5006944444444444,0.5006944444444444
det-counterfactual,1440,0,0.0,0.5138888888888888,0.5138888888888888
ett,1280,0,0.0,0.49609375,0.49609375
nie,800,0,0.0,0.52,0.52
nde,320,0,0.0,0.503125,0.503125
collider_bias,160,0,0.0,0.49375,0.49375
exp_away,160,0,0.0,0.475,0.475
