{
  "n": 10556,
  "correct": 5346,
  "invalid": 0,
  "invalid_rate": 0.0,
  "acc_all": 0.5064418340280409,
  "acc_valid_only": 0.5064418340280409
}