query_type,n,invalid,invalid_rate,acc_all,acc_valid_only
backadj,1600,0,0.0,0.9125,0.9125
marginal,1600,0,0.0,0.8175,0.8175
ate,1440,0,0.0,0.8472222222222222,0.8472222222222222
correlation,1440,0,0.0,0.7326388888888888,0.7326388888888888
det-counterfactual,1440,0,0.0,0.5555555555555556,0.5555555555555556
ett,1280,0,0.0,0.5765625,0.5765625
nie,800,0,0.0,0.61875,0.61875
nde,320,0,0.0,0.60625,0.60625
collider_bias,160,0,0.0,1.0,1.0
exp_away,160,0,0.0,0.7875,0.7875
