query_type,n,invalid,invalid_rate,acc_all,acc_valid_only
backadj,1600,0,0.0,0.9125,0.9125
marginal,1600,0,0.0,0.819375,0.819375
ate,1440,0,0.0,0.8465277777777778,0.8465277777777778
correlation,1440,0,0.0,0.7333333333333333,0.7333333333333333
det-counterfactual,1440,0,0.0,0.5541666666666667,0.5541666666666667
ett,1280,0,0.0,0.57734375,0.57734375
nie,800,0,0.0,0.615,0.615
nde,320,0,0.0,0.60625,0.60625
collider_bias,160,0,0.0,1.0,1.0
exp_away,160,0,0.0,0.78125,0.78125
