{
  "n": 10240,
  "correct": 7556,
  "invalid": 0,
  "invalid_rate": 0.0,
  "acc_all": 0.737890625,
  "acc_valid_only": 0.737890625
}