{
  "n": 496,
  "correct": 294,
  "invalid": 1,
  "invalid_rate": 0.0020161290322580645,
  "acc_all": 0.592741935483871,
  "acc_valid_only": 0.593939393939394
}