{
  "n": 10556,
  "correct": 5409,
  "invalid": 0,
  "invalid_rate": 0.0,
  "acc_all": 0.5124100037893141,
  "acc_valid_only": 0.5124100037893141
}