{
  "n": 10556,
  "correct": 5836,
  "invalid": 0,
  "invalid_rate": 0.0,
  "acc_all": 0.552860932171277,
  "acc_valid_only": 0.552860932171277
}