{
  "n": 10392,
  "correct": 7937,
  "invalid": 0,
  "invalid_rate": 0.0,
  "acc_all": 0.763760585065435,
  "acc_valid_only": 0.763760585065435
}