{
  "n": 10392,
  "correct": 9211,
  "invalid": 0,
  "invalid_rate": 0.0,
  "acc_all": 0.8863548883756736,
  "acc_valid_only": 0.8863548883756736
}