query_type,n,invalid,invalid_rate,acc_all,acc_valid_only
ate,1518,0,0.0,0.8840579710144928,0.8840579710144928
backadj,1518,0,0.0,0.0,0.0
correlation,1518,0,0.0,0.41699604743083,0.41699604743083
marginal,1518,0,0.0,0.7951251646903821,0.7951251646903821
ett,1288,0,0.0,0.9246894409937888,0.9246894409937888
nie,874,0,0.0,0.5720823798627003,0.5720823798627003
det-counterfactual,870,0,0.0,0.07816091954022988,0.07816091954022988
nde,552,0,0.0,0.7210144927536232,0.7210144927536232
