{
  "n": 9656,
  "correct": 5339,
  "invalid": 0,
  "invalid_rate": 0.0,
  "acc_all": 0.552920463960232,
  "acc_valid_only": 0.552920463960232
}