{
  "n": 10556,
  "correct": 8328,
  "invalid": 0,
  "invalid_rate": 0.0,
  "acc_all": 0.7889352027283062,
  "acc_valid_only": 0.7889352027283062
}