query_type,n,invalid,invalid_rate,acc_all,acc_valid_only
marginal,1518,0,0.0,0.8695652173913043,0.8695652173913043
correlation,1409,0,0.0,0.5578424414478353,0.5578424414478353
ate,1363,0,0.0,0.9024211298606016,0.9024211298606016
ett,1130,0,0.0,0.9982300884955753,0.9982300884955753
nie,828,0,0.0,0.7548309178743962,0.7548309178743962
nde,552,0,0.0,0.7554347826086957,0.7554347826086957
