{
  "n": 6800,
  "correct": 5506,
  "invalid": 0,
  "invalid_rate": 0.0,
  "acc_all": 0.8097058823529412,
  "acc_valid_only": 0.8097058823529412
}