{
  "n": 288,
  "correct": 187,
  "invalid": 0,
  "invalid_rate": 0.0,
  "acc_all": 0.6493055555555556,
  "acc_valid_only": 0.6493055555555556
}