query_type,n,invalid,invalid_rate,acc_all,acc_valid_only
backadj,1600,0,0.0,0.5175,0.5175
marginal,1600,0,0.0,0.550625,0.550625
ate,1440,0,0.0,0.5638888888888889,0.5638888888888889
correlation,1440,0,0.0,0.5090277777777777,0.5090277777777777
det-counterfactual,1440,0,0.0,0.5069444444444444,0.5069444444444444
ett,1280,0,0.0,0.48125,0.48125
nie,800,0,0.0,0.50375,0.50375
nde,320,0,0.0,0.509375,0.509375
collider_bias,160,0,0.0,0.5,0.5
exp_away,160,0,0.0,0.54375,0.54375
