query_type,n,invalid,invalid_rate,acc_all,acc_valid_only
backadj,1600,0,0.0,0.5,0.5
marginal,1600,0,0.0,0.54875,0.54875
ate,1440,0,0.0,0.5631944444444444,0.5631944444444444
correlation,1440,0,0.0,0.5069444444444444,0.5069444444444444
det-counterfactual,1440,0,0.0,0.5388888888888889,0.5388888888888889
ett,1280,0,0.0,0.44296875,0.44296875
nie,800,0,0.0,0.53625,0.53625
nde,320,0,0.0,0.496875,0.496875
collider_bias,160,0,0.0,0.5125,0.5125
exp_away,160,0,0.0,0.49375,0.49375
