{
  "n": 10240,
  "correct": 5333,
  "invalid": 0,
  "invalid_rate": 0.0,
  "acc_all": 0.52080078125,
  "acc_valid_only": 0.52080078125
}