{
  "n": 10240,
  "correct": 5311,
  "invalid": 0,
  "invalid_rate": 0.0,
  "acc_all": 0.51865234375,
  "acc_valid_only": 0.51865234375
}