{
  "n": 10392,
  "correct": 5489,
  "invalid": 0,
  "invalid_rate": 0.0,
  "acc_all": 0.5281947652040031,
  "acc_valid_only": 0.5281947652040031
}