{
  "n": 10556,
  "correct": 8608,
  "invalid": 0,
  "invalid_rate": 0.0,
  "acc_all": 0.8154604016672983,
  "acc_valid_only": 0.8154604016672983
}