query_type,n,invalid,invalid_rate,acc_all,acc_valid_only
backadj,1600,0,0.0,0.603125,0.603125
marginal,1600,0,0.0,0.8925,0.8925
ate,1440,0,0.0,0.8583333333333333,0.8583333333333333
correlation,1440,0,0.0,0.6048611111111111,0.6048611111111111
det-counterfactual,1440,0,0.0,0.8013888888888889,0.8013888888888889
ett,1280,0,0.0,0.8578125,0.8578125
nie,800,0,0.0,0.6675,0.6675
nde,320,0,0.0,0.778125,0.778125
collider_bias,160,0,0.0,0.95625,0.95625
exp_away,160,0,0.0,0.8625,0.8625
