{
  "n": 10560,
  "correct": 6759,
  "invalid": 0,
  "invalid_rate": 0.0,
  "acc_all": 0.6400568181818181,
  "acc_valid_only": 0.6400568181818181
}