{
  "n": 10392,
  "correct": 7265,
  "invalid": 0,
  "invalid_rate": 0.0,
  "acc_all": 0.6990954580446497,
  "acc_valid_only": 0.6990954580446497
}