query_type,n,invalid,invalid_rate,acc_all,acc_valid_only
backadj,444,0,0.0,0.4617117117117117,0.4617117117117117
marginal,444,0,0.0,0.5045045045045045,0.5045045045045045
ate,396,0,0.0,0.8863636363636364,0.8863636363636364
correlation,396,0,0.0,0.6616161616161617,0.6616161616161617
det-counterfactual,396,0,0.0,0.5631313131313131,0.5631313131313131
ett,336,0,0.0,0.49107142857142855,0.49107142857142855
nie,228,0,0.0,0.6403508771929824,0.6403508771929824
nde,144,0,0.0,0.7013888888888888,0.7013888888888888
collider_bias,48,0,0.0,0.5,0.5
exp_away,48,0,0.0,0.1875,0.1875
