query_type,n,invalid,invalid_rate,acc_all,acc_valid_only
backadj,1600,0,0.0,0.489375,0.489375
marginal,1600,0,0.0,0.97125,0.97125
ate,1440,0,0.0,0.9104166666666667,0.9104166666666667
correlation,1440,0,0.0,0.9548611111111112,0.9548611111111112
det-counterfactual,1440,0,0.0,0.8576388888888888,0.8576388888888888
ett,1280,0,0.0,0.90859375,0.90859375
nie,800,0,0.0,0.62375,0.62375
nde,320,0,0.0,0.8375,0.8375
collider_bias,160,0,0.0,0.55,0.55
exp_away,160,0,0.0,0.9875,0.9875
