{
  "n": 10240,
  "correct": 8434,
  "invalid": 0,
  "invalid_rate": 0.0,
  "acc_all": 0.8236328125,
  "acc_valid_only": 0.8236328125
}