{
  "n": 496,
  "correct": 328,
  "invalid": 0,
  "invalid_rate": 0.0,
  "acc_all": 0.6612903225806451,
  "acc_valid_only": 0.6612903225806451
}