query_type,n,invalid,invalid_rate,acc_all,acc_valid_only
marginal,1600,0,0.0,0.544375,0.544375
correlation,1440,0,0.0,0.6361111111111111,0.6361111111111111
ate,1440,0,0.0,0.8763888888888889,0.8763888888888889
ett,1280,0,0.0,0.83125,0.83125
nie,800,0,0.0,0.7,0.7
nde,320,0,0.0,0.684375,0.684375
exp_away,160,0,0.0,0.725,0.725
