{
  "n": 7040,
  "correct": 5008,
  "invalid": 0,
  "invalid_rate": 0.0,
  "acc_all": 0.7113636363636363,
  "acc_valid_only": 0.7113636363636363
}