{
  "n": 10556,
  "correct": 5587,
  "invalid": 0,
  "invalid_rate": 0.0,
  "acc_all": 0.5292724516862448,
  "acc_valid_only": 0.5292724516862448
}