{
  "n": 10392,
  "correct": 6221,
  "invalid": 34,
  "invalid_rate": 0.0032717474980754426,
  "acc_all": 0.5986335642802155,
  "acc_valid_only": 0.6005985711527322
}