{
  "n": 10392,
  "correct": 6337,
  "invalid": 23,
  "invalid_rate": 0.0022132409545804464,
  "acc_all": 0.6097959969207082,
  "acc_valid_only": 0.6111486160671231
}