query_type,n,invalid,invalid_rate,acc_all,acc_valid_only
marginal,1476,0,0.0,0.8970189701897019,0.8970189701897019
ate,1475,0,0.0,0.8854237288135594,0.8854237288135594
correlation,1475,0,0.0,0.7640677966101694,0.7640677966101694
ett,1295,0,0.0,0.8741312741312741,0.8741312741312741
nie,827,0,0.0,0.7085852478839177,0.7085852478839177
nde,384,0,0.0,0.8229166666666666,0.8229166666666666
