{
  "n": 6932,
  "correct": 5791,
  "invalid": 0,
  "invalid_rate": 0.0,
  "acc_all": 0.835401038661281,
  "acc_valid_only": 0.835401038661281
}