query_type,n,invalid,invalid_rate,acc_all,acc_valid_only
marginal,1644,0,0.0,0.458029197080292,0.458029197080292
correlation,1475,0,0.0,0.44610169491525425,0.44610169491525425
ate,1475,0,0.0,0.7057627118644068,0.7057627118644068
ett,1295,0,0.0,0.5451737451737452,0.5451737451737452
nie,827,0,0.0,0.6650544135429263,0.6650544135429263
nde,384,0,0.0,0.4713541666666667,0.4713541666666667
exp_away,168,0,0.0,0.6071428571428571,0.6071428571428571
