{
  "n": 7268,
  "correct": 3991,
  "invalid": 0,
  "invalid_rate": 0.0,
  "acc_all": 0.5491194276279582,
  "acc_valid_only": 0.5491194276279582
}