{
  "n": 10392,
  "correct": 5171,
  "invalid": 7,
  "invalid_rate": 0.0006735950731331793,
  "acc_all": 0.49759430331023863,
  "acc_valid_only": 0.4979297063071738
}