{
  "n": 10392,
  "correct": 6146,
  "invalid": 0,
  "invalid_rate": 0.0,
  "acc_all": 0.5914164742109315,
  "acc_valid_only": 0.5914164742109315
}