query_type,n,invalid,invalid_rate,acc_all,acc_valid_only
backadj,1600,0,0.0,0.5,0.5
marginal,1600,0,0.0,0.5,0.5
ate,1440,0,0.0,0.5395833333333333,0.5395833333333333
correlation,1440,0,0.0,0.5013888888888889,0.5013888888888889
det-counterfactual,1440,0,0.0,0.5,0.5
ett,1280,0,0.0,0.46171875,0.46171875
nie,800,0,0.0,0.53,0.53
nde,320,0,0.0,0.56875,0.56875
collider_bias,160,0,0.0,0.5,0.5
exp_away,160,0,0.0,0.49375,0.49375
