{
  "n": 10240,
  "correct": 5178,
  "invalid": 0,
  "invalid_rate": 0.0,
  "acc_all": 0.5056640625,
  "acc_valid_only": 0.5056640625
}