{
  "n": 10556,
  "correct": 6635,
  "invalid": 0,
  "invalid_rate": 0.0,
  "acc_all": 0.6285524820007579,
  "acc_valid_only": 0.6285524820007579
}