query_type,n,invalid,invalid_rate,acc_all,acc_valid_only
backadj,1600,0,0.0,0.400625,0.400625
marginal,1600,0,0.0,0.909375,0.909375
ate,1440,0,0.0,0.9006944444444445,0.9006944444444445
correlation,1440,0,0.0,0.6909722222222222,0.6909722222222222
det-counterfactual,1440,0,0.0,0.7715277777777778,0.7715277777777778
ett,1280,0,0.0,0.8015625,0.8015625
nie,800,0,0.0,0.72125,0.72125
nde,320,0,0.0,0.7625,0.7625
collider_bias,160,0,0.0,0.5,0.5
exp_away,160,0,0.0,0.9625,0.9625
