{
  "n": 10240,
  "correct": 7580,
  "invalid": 0,
  "invalid_rate": 0.0,
  "acc_all": 0.740234375,
  "acc_valid_only": 0.740234375
}