{
  "n": 10556,
  "correct": 5333,
  "invalid": 0,
  "invalid_rate": 0.0,
  "acc_all": 0.5052103069344449,
  "acc_valid_only": 0.5052103069344449
}