{
  "n": 10392,
  "correct": 5592,
  "invalid": 0,
  "invalid_rate": 0.0,
  "acc_all": 0.5381062355658198,
  "acc_valid_only": 0.5381062355658198
}