{
  "n": 10392,
  "correct": 8924,
  "invalid": 0,
  "invalid_rate": 0.0,
  "acc_all": 0.8587374903772133,
  "acc_valid_only": 0.8587374903772133
}