{
  "n": 10392,
  "correct": 5379,
  "invalid": 0,
  "invalid_rate": 0.0,
  "acc_all": 0.5176096997690531,
  "acc_valid_only": 0.5176096997690531
}