{
  "n": 288,
  "correct": 258,
  "invalid": 0,
  "invalid_rate": 0.0,
  "acc_all": 0.8958333333333334,
  "acc_valid_only": 0.8958333333333334
}