{
  "n": 10560,
  "correct": 8486,
  "invalid": 0,
  "invalid_rate": 0.0,
  "acc_all": 0.8035984848484848,
  "acc_valid_only": 0.8035984848484848
}