{
  "n": 10392,
  "correct": 8936,
  "invalid": 0,
  "invalid_rate": 0.0,
  "acc_all": 0.8598922247882987,
  "acc_valid_only": 0.8598922247882987
}