query_type,n,invalid,invalid_rate,acc_all,acc_valid_only
ate,1518,0,0.0,0.953227931488801,0.953227931488801
backadj,1518,0,0.0,0.19696969696969696,0.19696969696969696
correlation,1518,0,0.0,0.9538866930171278,0.9538866930171278
marginal,1518,0,0.0,0.9776021080368906,0.9776021080368906
ett,1288,0,0.0,0.859472049689441,0.859472049689441
nie,874,0,0.0,0.7528604118993135,0.7528604118993135
det-counterfactual,870,0,0.0,0.2149425287356322,0.2149425287356322
nde,552,0,0.0,0.8206521739130435,0.8206521739130435
