{
  "n": 9656,
  "correct": 7083,
  "invalid": 0,
  "invalid_rate": 0.0,
  "acc_all": 0.7335335542667771,
  "acc_valid_only": 0.7335335542667771
}