query_type,n,invalid,invalid_rate,acc_all,acc_valid_only
backadj,1600,0,0.0,0.909375,0.909375
marginal,1600,0,0.0,0.796875,0.796875
ate,1440,0,0.0,0.8409722222222222,0.8409722222222222
correlation,1440,0,0.0,0.5680555555555555,0.5680555555555555
det-counterfactual,1440,0,0.0,0.5465277777777777,0.5465277777777777
ett,1280,0,0.0,0.559375,0.559375
nie,800,0,0.0,0.655,0.655
nde,320,0,0.0,0.69375,0.69375
collider_bias,160,0,0.0,0.98125,0.98125
exp_away,160,0,0.0,0.69375,0.69375
