query_type,n,invalid,invalid_rate,acc_all,acc_valid_only
backadj,1600,0,0.0,0.91,0.91
marginal,1600,0,0.0,0.796875,0.796875
ate,1440,0,0.0,0.8423611111111111,0.8423611111111111
correlation,1440,0,0.0,0.5701388888888889,0.5701388888888889
det-counterfactual,1440,0,0.0,0.5493055555555556,0.5493055555555556
ett,1280,0,0.0,0.5609375,0.5609375
nie,800,0,0.0,0.65125,0.65125
nde,320,0,0.0,0.696875,0.696875
collider_bias,160,0,0.0,0.98125,0.98125
exp_away,160,0,0.0,0.68125,0.68125
