{
  "n": 10240,
  "correct": 7284,
  "invalid": 0,
  "invalid_rate": 0.0,
  "acc_all": 0.711328125,
  "acc_valid_only": 0.711328125
}