{
  "n": 10240,
  "correct": 7276,
  "invalid": 0,
  "invalid_rate": 0.0,
  "acc_all": 0.710546875,
  "acc_valid_only": 0.710546875
}