{
  "n": 10392,
  "correct": 8212,
  "invalid": 0,
  "invalid_rate": 0.0,
  "acc_all": 0.7902232486528099,
  "acc_valid_only": 0.7902232486528099
}