query_type,n,invalid,invalid_rate,acc_all,acc_valid_only
backadj,1600,0,0.0,0.46625,0.46625
marginal,1600,0,0.0,0.97125,0.97125
ate,1440,0,0.0,0.9326388888888889,0.9326388888888889
correlation,1440,0,0.0,0.9555555555555556,0.9555555555555556
det-counterfactual,1440,0,0.0,0.7791666666666667,0.7791666666666667
ett,1280,0,0.0,0.89296875,0.89296875
nie,800,0,0.0,0.66125,0.66125
nde,320,0,0.0,0.84375,0.84375
collider_bias,160,0,0.0,0.5,0.5
exp_away,160,0,0.0,0.9875,0.9875
