{
  "n": 10240,
  "correct": 8321,
  "invalid": 0,
  "invalid_rate": 0.0,
  "acc_all": 0.81259765625,
  "acc_valid_only": 0.81259765625
}