{
  "n": 10240,
  "correct": 8495,
  "invalid": 151,
  "invalid_rate": 0.01474609375,
  "acc_all": 0.82958984375,
  "acc_valid_only": 0.8420061453067698
}