{
  "n": 10556,
  "correct": 5350,
  "invalid": 0,
  "invalid_rate": 0.0,
  "acc_all": 0.506820765441455,
  "acc_valid_only": 0.506820765441455
}