{
  "n": 10560,
  "correct": 8298,
  "invalid": 45,
  "invalid_rate": 0.004261363636363636,
  "acc_all": 0.7857954545454545,
  "acc_valid_only": 0.7891583452211127
}