{
  "n": 10392,
  "correct": 8226,
  "invalid": 0,
  "invalid_rate": 0.0,
  "acc_all": 0.7915704387990762,
  "acc_valid_only": 0.7915704387990762
}