{
  "n": 10560,
  "correct": 5135,
  "invalid": 0,
  "invalid_rate": 0.0,
  "acc_all": 0.4862689393939394,
  "acc_valid_only": 0.4862689393939394
}