{
  "n": 10392,
  "correct": 5887,
  "invalid": 0,
  "invalid_rate": 0.0,
  "acc_all": 0.5664934565050038,
  "acc_valid_only": 0.5664934565050038
}