{
  "n": 10556,
  "correct": 5542,
  "invalid": 0,
  "invalid_rate": 0.0,
  "acc_all": 0.5250094732853353,
  "acc_valid_only": 0.5250094732853353
}