{
  "n": 10560,
  "correct": 5494,
  "invalid": 0,
  "invalid_rate": 0.0,
  "acc_all": 0.5202651515151515,
  "acc_valid_only": 0.5202651515151515
}