{
  "n": 10392,
  "correct": 8629,
  "invalid": 0,
  "invalid_rate": 0.0,
  "acc_all": 0.8303502694380293,
  "acc_valid_only": 0.8303502694380293
}