{
  "n": 10560,
  "correct": 7809,
  "invalid": 0,
  "invalid_rate": 0.0,
  "acc_all": 0.7394886363636364,
  "acc_valid_only": 0.7394886363636364
}