{
  "n": 10556,
  "correct": 8052,
  "invalid": 0,
  "invalid_rate": 0.0,
  "acc_all": 0.7627889352027283,
  "acc_valid_only": 0.7627889352027283
}