{
  "n": 10560,
  "correct": 5444,
  "invalid": 0,
  "invalid_rate": 0.0,
  "acc_all": 0.515530303030303,
  "acc_valid_only": 0.515530303030303
}