query_type,n,invalid,invalid_rate,acc_all,acc_valid_only
ate,1476,0,0.0,0.9356368563685636,0.9356368563685636
correlation,1476,0,0.0,0.9573170731707317,0.9573170731707317
marginal,1476,0,0.0,0.9491869918699187,0.9491869918699187
ett,1296,0,0.0,0.8773148148148148,0.8773148148148148
nie,828,0,0.0,0.788647342995169,0.788647342995169
nde,384,0,0.0,0.7838541666666666,0.7838541666666666
