{
  "n": 6936,
  "correct": 6286,
  "invalid": 0,
  "invalid_rate": 0.0,
  "acc_all": 0.9062860438292965,
  "acc_valid_only": 0.9062860438292965
}