query_type,n,invalid,invalid_rate,acc_all,acc_valid_only
backadj,1600,0,0.0,0.5,0.5
marginal,1600,0,0.0,0.506875,0.506875
ate,1440,0,0.0,0.5597222222222222,0.5597222222222222
correlation,1440,0,0.0,0.5451388888888888,0.5451388888888888
det-counterfactual,1440,0,0.0,0.5020833333333333,0.5020833333333333
ett,1280,0,0.0,0.5,0.5
nie,800,0,0.0,0.49625,0.49625
nde,320,0,0.0,0.628125,0.628125
collider_bias,160,0,0.0,0.5,0.5
exp_away,160,0,0.0,0.50625,0.50625
