{
  "n": 10240,
  "correct": 5324,
  "invalid": 0,
  "invalid_rate": 0.0,
  "acc_all": 0.519921875,
  "acc_valid_only": 0.519921875
}