{
  "n": 10556,
  "correct": 5445,
  "invalid": 0,
  "invalid_rate": 0.0,
  "acc_all": 0.5158203865100417,
  "acc_valid_only": 0.5158203865100417
}