{
  "n": 10556,
  "correct": 7787,
  "invalid": 0,
  "invalid_rate": 0.0,
  "acc_all": 0.7376847290640394,
  "acc_valid_only": 0.7376847290640394
}