{
  "n": 10556,
  "correct": 5411,
  "invalid": 0,
  "invalid_rate": 0.0,
  "acc_all": 0.5125994694960212,
  "acc_valid_only": 0.5125994694960212
}